world_index,X,Y
0,849,807
0,851,806
0,850,806
0,850,807
0,849,806
0,850,806
0,850,806
0,850,806
0,850,806
0,850,806
0,850,806
0,853,805
0,853,805
0,855,804
0,855,805
0,855,805
0,857,804
0,982,731
3,666,730
3,676,787
3,1075,752
3,1081,742
3,1078,755
4,999,685
4,1092,733
4,1094,736
4,1092,736
4,1093,737
5,1021,687
5,1100,720
5,1101,721
5,1102,722
5,1102,723
6,1033,678
6,1102,725
6,1102,726
6,1103,727
6,1100,722
6,1097,719
6,1117,710
6,1021,680
6,1113,709
7,1025,670
7,1028,670
7,1091,705
7,1014,680
7,1090,704
8,1094,708
8,1019,684
8,1093,707
8,1093,707
8,1093,706
8,1112,700
8,1000,682
8,1111,700
8,1012,677
9,1000,680
9,1088,706
9,1088,705
9,1005,675
9,1088,705
9,1087,705
9,1087,705
9,1086,705
10,1090,711
10,1090,711
10,1088,715
10,1087,715
10,1089,711
10,1090,711
10,1089,711
11,1086,693
11,1086,693
11,1036,746
11,1037,746
11,1037,747
11,1037,747
11,1087,694
11,1087,694
12,1094,732
12,1095,733
12,1087,745
12,1088,745
12,1037,805
12,1038,805
12,1037,805
12,1087,745
13,1083,738
13,1083,739
13,1083,739
13,1026,805
13,1026,806
13,1081,745
13,1080,745
13,1022,808
14,1023,757
14,1010,665
14,1022,756
14,1018,754
14,1015,752
14,995,655
14,1011,754
14,1012,755
15,1004,779
15,989,661
15,988,794
15,988,794
15,987,794
15,978,801
15,979,802
15,969,811
15,968,811
16,969,811
16,969,811
16,959,819
16,959,821
16,960,822
16,960,822
16,960,822
16,961,823
17,985,638
17,957,789
17,956,790
17,957,791
17,947,797
17,947,798
17,948,798
17,948,798
18,985,629
18,985,630
18,980,632
18,981,633
18,982,633
18,981,633
18,981,633
18,981,633
18,981,633
19,946,762
19,939,765
19,939,766
19,939,766
19,939,766
19,939,767
19,938,767
19,937,768
20,946,725
20,1132,610
20,949,724
20,949,724
20,948,724
20,1125,605
20,947,726
21,932,744
21,931,743
21,932,743
21,932,744
21,933,744
21,932,745
21,931,745
21,928,737
21,924,736
21,1069,676
22,1057,657
22,1127,618
22,1136,600
22,978,620
22,973,595
22,969,573
23,1009,665
23,828,603
23,819,580
23,812,560
23,845,536
23,841,523
23,860,516
23,858,505
23,886,485
24,887,478
24,919,462
24,924,469
24,925,472
24,928,474
24,962,458
24,964,461
24,984,448
24,987,450
25,993,438
25,994,439
25,997,443
25,1002,441
25,1004,443
25,1006,445
25,998,453
25,998,454
25,1000,457
26,997,450
26,998,450
26,999,450
26,997,449
26,997,450
26,995,450
26,994,449
26,995,449
27,986,446
27,986,446
27,986,447
27,986,447
27,985,448
27,987,448
27,987,448
27,985,448
28,989,443
28,987,442
28,988,443
28,989,443
28,989,443
28,990,443
28,992,443
28,992,442
28,992,440
29,984,439
29,986,433
29,991,423
29,995,418
29,998,414
29,1001,411
29,1003,406
30,999,399
30,1002,400
30,1003,401
30,1005,400
30,1007,399
30,1008,400
30,1010,401
30,1011,401
30,1012,400
30,1014,401
31,1008,402
31,1009,401
31,1010,401
31,1010,401
31,1010,400
31,1012,399
31,1013,398
31,1014,398
31,1015,399
31,1017,397
31,1017,396
31,1018,396
31,1018,396
32,1011,391
32,1011,392
32,1010,392
32,1011,392
32,1012,393
32,1012,394
32,1013,394
32,1013,394
32,1014,394
32,1015,393
33,1013,398
33,1013,398
33,1013,398
33,1013,398
33,1014,398
33,1014,398
33,1016,401
33,1016,402
33,1016,402
34,1016,394
34,1018,395
34,1018,395
34,1018,395
34,1018,394
34,1019,393
34,1020,392
34,1020,391
35,1020,390
35,1021,389
35,1021,388
35,1022,389
35,1022,390
35,1022,390
35,1022,390
36,1022,390
36,1022,390
36,1022,390
36,1023,389
36,1024,390
36,1024,389
36,1024,389
37,1024,384
37,1023,384
37,1022,387
37,1023,388
37,1022,389
37,1022,389
38,1023,407
38,1023,406
38,1024,406
38,1022,407
38,1021,407
38,1021,407
38,1022,407
38,1022,408
39,839,479
39,839,479
39,839,479
39,839,479
39,839,479
39,839,479
39,839,479
40,1018,391
40,1017,391
40,1017,392
40,1016,391
40,1017,389
40,1017,390
40,1017,390
40,1016,390
41,1018,391
41,1018,392
41,1018,391
41,1017,392
41,1017,392
41,1017,392
41,1017,393
41,1017,393
42,1017,393
42,1018,394
42,1017,394
42,1017,394
42,1016,393
42,1017,394
42,1017,393
43,1019,394
43,1020,394
43,1021,394
43,1021,395
43,1020,394
43,1020,394
43,1020,394
43,1020,394
44,559,2041
44,525,2220
44,452,2747
44,380,3148
44,426,2738
44,426,2738
44,399,2729
44,318,3127
45,1022,387
45,1022,387
45,1022,386
45,1023,386
45,1022,386
45,1023,384
45,1021,383
46,1020,385
46,1019,384
46,1019,384
46,1018,383
46,1018,382
46,1016,381
46,1020,377
46,1017,376
46,1018,373
46,1015,371
46,1017,370
47,1015,368
47,1009,373
47,1008,383
47,999,370
47,1032,448
47,982,365
47,970,360
47,1016,375
47,959,356
48,1064,394
48,956,362
48,1030,434
48,865,510
48,820,445
49,882,487
49,1123,374
49,952,365
49,922,519
49,963,356
49,886,478
50,933,461
50,936,353
50,938,354
50,939,352
50,942,352
50,920,358
51,921,361
51,952,356
51,953,359
51,951,367
51,952,368
51,952,368
52,973,351
52,974,353
52,980,355
52,979,356
52,980,359
52,966,372
52,969,375
53,981,361
53,982,362
53,983,363
53,975,370
53,964,381
53,962,380
53,962,380
54,968,379
54,968,378
54,972,377
54,975,379
54,983,379
54,995,387
54,1001,385
54,1011,394
54,1013,393
55,1017,392
55,1032,386
55,1032,386
55,1034,381
55,1034,382
55,1029,388
55,1028,387
56,1023,392
56,1023,393
56,1022,393
56,1022,393
56,1021,395
56,1021,394
56,1021,394
56,1023,395
57,1028,390
57,1028,390
57,1028,389
57,1028,389
57,1026,388
57,1026,388
57,1026,387
58,1024,398
58,1024,398
58,1024,398
58,1023,398
58,1023,398
58,1023,398
58,1023,398
58,1023,398
59,1024,395
59,1025,394
59,1025,395
59,1023,395
59,1022,395
59,1023,394
59,1024,394
59,1023,394
59,1024,395
60,1023,396
60,1023,395
60,1023,396
60,1023,398
60,1023,397
60,1024,397
60,1024,395
60,1021,397
61,1017,392
61,1003,387
61,993,393
61,975,402
61,945,384
61,920,394
61,893,373
62,865,382
62,848,368
62,823,376
62,804,359
62,785,364
62,782,361
62,766,364
63,751,360
63,754,353
63,755,353
63,759,351
63,760,353
63,761,353
63,764,352
63,762,354
63,763,355
64,747,364
64,748,366
64,748,371
64,750,374
64,752,375
64,753,377
64,757,375
64,758,377
65,756,372
65,757,372
65,758,374
65,760,374
65,761,375
65,759,376
65,759,376
65,760,378
66,751,381
66,752,382
66,751,382
66,751,382
66,753,382
66,755,381
66,755,381
67,752,383
67,751,381
67,750,381
67,751,380
67,752,381
67,753,380
67,753,380
68,724,392
68,726,391
68,725,391
68,729,389
68,731,389
68,731,389
68,732,389
68,736,386
69,720,388
69,722,389
69,723,389
69,723,389
69,724,390
69,725,389
69,727,390
70,728,390
70,728,390
70,731,388
70,732,389
70,732,390
70,733,392
70,733,393
70,734,394
71,733,382
71,733,382
71,734,382
71,735,382
71,735,383
71,736,383
71,738,381
71,739,383
72,725,395
72,723,396
72,722,396
72,722,396
72,722,397
72,723,398
72,725,398
72,729,396
72,729,396
72,732,395
73,723,395
73,724,393
73,725,393
73,724,393
73,725,395
73,727,394
73,727,393
73,728,393
73,729,395
73,732,393
74,729,395
74,730,395
74,731,394
74,732,395
74,733,396
74,735,395
74,736,395
74,737,395
75,730,396
75,733,393
75,734,393
75,736,391
75,736,391
75,739,390
75,739,391
75,741,390
76,722,385
76,725,384
76,725,384
76,729,383
76,730,384
76,733,382
76,734,383
76,736,381
76,737,381
77,733,382
77,734,382
77,736,380
77,737,381
77,738,380
77,740,379
77,741,379
77,742,379
78,735,380
78,736,379
78,737,379
78,738,378
78,738,378
78,739,378
78,741,379
78,740,381
78,741,381
79,929,452
79,929,453
79,930,453
79,930,453
79,930,453
79,930,453
79,932,453
79,932,453
80,734,382
80,736,384
80,736,384
80,736,384
80,738,384
80,738,385
80,738,385
80,739,385
81,730,383
81,731,384
81,732,383
81,733,384
81,736,382
81,737,383
81,739,382
81,740,383
82,735,380
82,737,382
82,738,383
82,739,384
82,740,384
82,741,385
82,741,385
82,742,385
83,740,382
83,740,381
83,741,382
83,742,381
83,743,383
83,743,384
83,744,385
83,744,386
84,868,454
84,864,453
84,864,453
84,864,453
84,853,452
84,854,453
84,839,451
84,842,452
85,659,379
85,646,369
85,632,373
85,625,368
85,606,372
85,599,365
85,588,365
85,585,362
86,575,361
86,575,359
86,579,358
86,579,357
86,584,355
86,586,354
86,586,352
87,580,354
87,583,353
87,581,354
87,581,354
87,583,355
87,583,355
87,578,358
87,579,359
88,574,360
88,575,360
88,577,360
88,577,360
88,578,359
88,579,361
88,579,361
88,580,362
88,579,361
88,581,363
88,583,362
89,576,368
89,578,369
89,579,370
89,581,370
89,583,371
89,586,372
89,588,373
89,601,373
90,604,379
90,622,376
90,632,385
90,645,379
90,656,389
90,654,389
90,653,387
91,667,391
91,668,391
91,665,391
91,663,389
91,663,388
91,661,387
91,659,386
91,659,385
91,658,385
92,648,384
92,647,383
92,645,383
92,647,385
92,645,385
92,646,383
92,647,383
92,647,384
93,641,383
93,643,382
93,643,383
93,643,383
93,644,382
93,646,381
93,647,383
93,648,384
93,648,384
94,639,374
94,640,375
94,640,374
94,640,374
94,641,373
94,641,373
94,641,374
94,642,373
95,652,385
95,652,385
95,652,386
95,653,388
95,653,388
95,653,388
95,654,389
96,636,385
96,638,385
96,637,384
96,639,384
96,638,384
96,638,383
96,640,384
96,640,384
97,649,385
97,648,384
97,648,384
97,648,384
97,648,385
97,641,380
97,634,383
97,617,370
98,596,373
98,581,357
98,536,366
98,520,347
98,503,350
98,500,344
98,489,347
98,489,344
99,486,345
99,485,344
99,486,343
99,487,344
99,487,345
99,490,344
99,490,344
99,491,345
100,490,344
100,490,343
100,490,343
100,491,344
100,487,345
100,488,345
100,489,346
100,491,347
101,484,348
101,486,349
101,486,350
101,488,351
101,488,352
101,491,353
101,491,353
102,494,352
102,493,351
102,496,352
102,495,352
102,496,353
102,495,352
102,497,353
102,497,353
103,498,351
103,498,352
103,499,353
103,499,353
103,502,352
103,502,352
103,504,350
103,505,349
104,500,349
104,500,350
104,499,348
104,500,350
104,501,349
104,500,349
104,501,350
104,501,351
104,503,350
105,501,350
105,502,349
105,503,348
105,503,348
105,503,347
105,503,346
105,503,346
106,501,346
106,500,345
106,500,345
106,501,344
106,501,345
106,502,344
106,502,344
106,502,343
107,498,343
107,498,343
107,498,343
107,498,342
107,496,342
107,496,343
107,496,343
108,497,343
108,496,344
108,496,345
108,496,345
108,496,346
108,495,346
108,496,346
108,496,347
108,496,347
109,497,345
109,497,344
109,498,345
109,500,343
109,500,343
109,502,343
109,502,343
109,502,342
110,501,341
110,503,340
110,503,340
110,503,339
110,505,339
110,505,338
110,508,337
111,506,333
111,506,333
111,506,333
111,507,332
111,508,333
111,510,331
111,510,332
111,512,332
112,508,331
112,509,331
112,509,331
112,510,332
112,509,330
112,506,330
112,503,326
112,498,326
112,497,324
113,490,323
113,489,320
113,487,320
113,488,321
113,488,321
113,488,323
113,490,323
113,491,323
113,490,325
114,488,321
114,489,322
114,489,322
114,490,323
114,490,324
114,490,325
114,490,326
114,491,326
115,488,324
115,488,323
115,489,322
115,488,322
115,489,323
115,489,324
115,490,325
115,489,326
116,482,322
116,482,322
116,482,323
116,482,323
116,481,323
116,481,324
116,481,323
116,480,324
116,480,324
117,480,321
117,480,322
117,481,322
117,482,322
117,483,324
117,484,324
117,485,325
117,485,327
118,478,327
118,478,329
118,478,329
118,478,330
118,478,330
118,477,330
118,478,330
118,478,331
118,479,332
119,476,332
119,479,331
119,480,331
119,480,330
119,480,330
119,479,329
119,478,328
119,480,328
120,477,325
120,478,324
120,481,321
120,480,321
120,484,318
120,484,317
120,487,315
120,487,316
121,480,313
121,485,309
121,485,308
121,487,308
121,493,307
121,493,306
121,492,305
121,486,314
121,442,322
122,523,275
122,444,315
122,619,342
122,419,316
122,628,380
123,388,257
123,644,401
123,612,566
123,475,344
123,618,563
123,453,411
123,667,569
124,466,342
124,471,344
124,513,404
124,486,325
124,488,328
124,489,329
124,491,332
125,446,301
125,447,302
125,503,323
125,504,324
125,504,324
125,507,322
125,507,321
125,506,323
126,506,321
126,508,320
126,510,319
126,510,320
126,511,321
126,511,319
126,512,319
126,509,318
127,506,317
127,472,312
127,472,313
127,487,299
127,487,300
127,488,293
127,488,293
127,486,290
128,484,287
128,482,289
128,482,288
128,483,287
128,482,286
128,482,286
128,483,287
128,484,285
129,486,280
129,486,281
129,485,281
129,485,282
129,485,282
129,484,283
129,484,284
129,483,284
129,483,283
130,482,281
130,482,282
130,483,281
130,483,281
130,485,280
130,486,279
130,487,280
130,488,279
131,478,286
131,479,286
131,479,286
131,479,286
131,481,285
131,481,284
131,482,284
131,482,283
132,487,285
132,488,284
132,489,285
132,490,285
132,491,284
132,490,285
132,490,284
132,490,284
133,486,287
133,486,287
133,485,287
133,485,288
133,484,287
133,485,287
133,485,287
133,485,288
134,478,282
134,478,283
134,479,283
134,479,282
134,479,282
134,479,282
134,479,282
134,480,283
134,479,283
134,479,283
135,477,283
135,477,283
135,478,284
135,477,286
135,477,287
135,477,288
135,477,290
135,478,290
136,477,287
136,478,289
136,479,290
136,478,292
136,478,292
136,478,293
136,479,293
136,479,294
136,479,295
137,477,293
137,477,293
137,477,293
137,477,293
137,478,292
137,478,291
137,480,290
137,481,290
138,480,289
138,480,289
138,480,289
138,482,288
138,482,288
138,482,286
138,482,286
138,484,285
139,480,286
139,480,285
139,481,285
139,481,284
139,482,284
139,484,284
139,485,283
140,475,283
140,476,283
140,476,284
140,476,283
140,476,283
140,475,285
140,475,286
140,476,286
141,474,282
141,473,283
141,474,284
141,473,284
141,474,284
141,474,285
141,473,286
141,466,288
142,463,287
142,447,288
142,437,280
142,418,283
142,409,275
142,389,277
142,382,271
142,373,270
143,363,264
143,345,267
143,343,264
143,339,263
143,338,262
143,339,261
143,340,261
144,338,259
144,339,259
144,343,259
144,343,259
144,342,260
144,342,259
144,338,262
144,339,262
144,337,264
145,330,264
145,329,264
145,330,266
145,323,269
145,324,271
145,326,270
145,326,271
145,327,272
146,326,271
146,325,271
146,325,272
146,325,271
146,325,272
146,323,273
146,324,274
146,322,273
147,317,275
147,318,274
147,318,275
147,318,275
147,318,273
147,319,274
147,318,273
147,319,272
147,319,272
148,318,274
148,318,274
148,319,273
148,319,273
148,321,271
148,321,272
148,317,273
148,316,273
148,308,272
149,305,266
149,301,269
149,300,267
149,300,267
149,300,268
149,300,269
149,300,269
149,301,271
149,302,271
150,298,270
150,298,271
150,299,271
150,298,272
150,299,272
150,299,272
150,296,274
150,296,274
150,295,275
151,291,274
151,291,275
151,289,276
151,289,276
151,289,276
151,287,276
151,288,277
152,285,275
152,284,274
152,284,274
152,284,275
152,284,275
152,284,275
152,284,274
152,284,275
153,282,272
153,282,273
153,281,273
153,282,271
153,282,271
153,284,270
153,284,270
153,286,270
154,281,270
154,282,271
154,282,271
154,282,271
154,282,271
154,285,271
154,285,270
154,286,270
154,286,269
155,286,267
155,286,267
155,288,267
155,288,266
155,290,266
155,290,266
155,292,266
155,292,267
156,287,263
156,287,264
156,288,264
156,288,263
156,290,263
156,290,263
156,291,263
156,292,263
157,287,265
157,287,266
157,287,266
157,287,267
157,288,267
157,289,268
157,290,269
157,290,269
158,283,271
158,286,270
158,286,270
158,287,270
158,287,270
158,287,269
158,288,269
158,288,268
158,288,269
159,287,269
159,287,268
159,288,268
159,288,268
159,288,268
159,288,268
159,288,267
159,288,267
160,285,266
160,285,266
160,286,266
160,285,265
160,285,265
160,286,265
160,287,264
160,287,265
161,283,265
161,285,266
161,285,266
161,288,265
161,288,265
161,290,264
161,290,264
161,290,264
161,291,264
162,292,266
162,292,267
162,293,266
162,293,266
162,294,266
162,295,266
162,295,266
162,296,267
163,297,267
163,297,267
163,296,267
163,296,267
163,296,267
163,296,267
163,296,266
163,295,266
164,292,262
164,292,262
164,293,262
164,291,263
164,291,262
164,291,262
164,291,262
164,290,261
164,292,259
165,292,261
165,292,261
165,292,261
165,292,261
165,292,260
165,292,260
165,291,259
165,291,259
166,286,259
166,286,258
166,285,258
166,285,259
166,285,259
166,284,258
166,284,258
166,284,258
167,280,260
167,279,259
167,280,259
167,278,260
167,278,261
167,279,260
167,279,259
168,281,262
168,280,261
168,281,262
168,282,263
168,282,263
168,283,262
168,283,262
168,283,262
169,277,261
169,280,260
169,280,260
169,282,260
169,282,259
169,285,260
169,285,259
169,287,259
169,287,258
170,289,261
170,289,261
170,290,261
170,291,262
170,293,261
170,293,262
170,293,262
170,292,262
171,291,257
171,290,256
171,290,256
171,290,256
171,291,257
171,291,258
171,292,258
171,292,258
171,292,259
172,291,261
172,292,261
172,292,261
172,292,261
172,292,261
172,293,262
172,292,262
172,292,263
173,291,262
173,291,261
173,291,262
173,291,263
173,291,263
173,290,263
173,290,263
173,289,263
174,289,262
174,288,261
174,288,261
174,287,261
174,285,261
174,285,261
174,283,260
174,283,259
174,281,260
175,280,260
175,279,260
175,278,259
175,277,258
175,276,258
175,276,258
175,275,257
175,274,257
176,274,255
176,273,255
176,272,255
176,272,255
176,271,254
176,277,248
176,278,246
176,290,235
177,291,228
177,305,214
177,307,208
177,309,200
177,325,188
177,327,182
177,341,172
177,352,163
177,355,159
178,360,154
178,362,151
178,361,150
178,362,150
178,363,151
178,362,151
178,363,152
178,363,152
179,363,153
179,363,152
179,363,152
179,364,152
179,366,151
179,367,150
179,367,150
179,368,151
179,367,150
180,370,149
180,369,149
180,368,150
180,367,150
180,368,149
180,368,150
180,369,149
181,369,147
181,371,147
181,371,147
181,371,146
181,371,146
181,373,146
181,373,145
181,375,146
182,376,145
182,376,145
182,377,145
182,377,146
182,377,146
182,375,146
182,376,146
182,378,144
182,380,143
183,388,137
183,389,134
183,390,134
183,395,131
183,398,129
183,398,129
183,398,130
183,399,131
184,400,127
184,401,128
184,399,128
184,399,128
184,397,129
184,398,129
184,396,132
184,396,132
185,397,132
185,396,133
185,396,134
185,394,134
185,394,134
185,395,134
185,394,135
185,394,135
185,391,137
186,391,135
186,391,136
186,391,136
186,391,136
186,389,136
186,389,137
186,389,137
186,390,137
187,391,131
187,392,130
187,392,129
187,391,129
187,391,129
187,392,129
187,391,129
187,393,129
187,393,128
188,393,126
188,394,126
188,394,126
188,393,125
188,393,125
188,392,126
188,392,127
188,392,126
188,391,127
189,393,122
189,393,122
189,393,123
189,393,123
189,392,123
189,390,122
189,390,123
189,389,123
190,390,119
190,390,120
190,389,121
190,389,120
190,390,121
190,390,121
190,389,120
190,389,121
191,390,119
191,389,119
191,388,120
191,388,120
191,388,120
191,387,120
191,387,119
191,387,120
191,388,120
192,389,115
192,390,117
192,390,117
192,390,118
192,389,118
192,391,119
192,391,120
193,391,117
193,390,118
193,391,119
193,390,119
193,390,118
193,390,120
193,391,121
193,391,121
193,391,121
194,391,119
194,392,120
194,393,120
194,393,121
194,394,122
194,394,123
194,394,123
194,394,124
195,396,120
195,396,121
195,396,122
195,397,123
195,398,124
195,397,125
195,399,126
196,400,124
196,400,126
196,400,126
196,400,126
196,399,127
196,400,127
196,400,129
196,401,129
196,400,129
197,401,127
197,401,127
197,401,128
197,401,128
197,401,129
197,401,128
197,400,128
197,400,128
198,401,126
198,400,126
198,400,127
198,400,127
198,399,128
198,399,129
198,398,130
198,397,131
198,397,131
199,400,129
199,399,130
199,399,129
199,399,129
199,398,129
199,398,128
199,397,128
199,397,127
200,400,124
200,400,123
200,400,124
200,400,124
200,399,124
200,399,124
200,399,123
200,399,123
200,399,122
200,400,123
200,400,122
201,399,122
201,399,122
201,399,123
201,400,123
201,400,123
201,400,124
201,399,125
201,399,125
201,399,126
202,401,125
202,400,126
202,401,126
202,399,127
202,398,128
202,398,128
202,397,130
202,397,130
203,397,128
203,395,129
203,395,130
203,394,130
203,394,130
203,393,129
203,393,130
203,392,131
204,392,129
204,392,129
204,392,128
204,391,128
204,391,128
204,391,128
204,392,127
204,391,127
205,392,126
205,393,125
205,393,124
205,393,124
205,392,123
205,392,123
205,392,123
206,394,119
206,394,118
206,394,118
206,393,117
206,392,118
206,393,117
206,394,117
206,394,117
207,395,117
207,396,116
207,396,116
207,396,116
207,396,117
207,396,117
207,396,116
207,397,116
208,401,114
208,401,115
208,403,113
208,404,113
208,403,114
208,404,114
208,404,113
208,405,113
209,407,111
209,407,111
209,408,110
209,407,110
209,407,109
209,407,109
209,406,107
209,406,108
209,404,108
210,406,109
210,404,109
210,404,110
210,403,109
210,402,110
210,402,109
210,402,109
210,400,109
211,403,107
211,403,106
211,403,106
211,402,106
211,401,107
211,400,107
211,399,107
211,399,106
212,400,105
212,400,104
212,400,105
212,400,104
212,399,104
212,399,104
212,398,104
212,395,105
213,396,102
213,395,103
213,395,103
213,392,104
213,389,105
213,389,105
213,389,105
213,388,104
214,389,103
214,389,103
214,389,103
214,389,103
214,388,103
214,387,104
214,388,104
214,389,104
214,389,104
215,388,103
215,390,103
215,391,103
215,391,103
215,391,103
215,392,103
215,395,104
215,397,104
216,398,104
216,399,105
216,399,106
216,403,109
216,407,111
216,414,120
216,430,122
216,450,137
216,478,136
217,503,135
217,523,148
217,539,160
217,552,160
217,558,161
217,568,168
217,569,168
217,571,166
218,561,165
218,560,165
218,556,164
218,552,164
218,549,162
218,545,166
218,544,166
218,539,170
219,546,165
219,543,166
219,542,166
219,539,168
219,540,168
219,539,169
219,538,168
219,538,169
219,536,168
220,522,165
220,521,166
220,520,168
220,520,169
220,518,171
220,518,173
220,518,174
220,517,175
221,536,178
221,535,179
221,536,179
221,536,180
221,537,182
221,536,182
221,538,183
221,538,183
221,538,184
222,542,181
222,544,182
222,545,183
222,545,183
222,545,184
222,545,185
222,546,185
223,541,189
223,542,190
223,542,190
223,542,190
223,541,190
223,542,191
223,543,190
223,548,195
223,551,195
224,554,198
224,555,200
224,555,199
224,554,200
224,552,199
224,553,199
224,552,197
224,552,197
225,552,197
225,552,197
225,552,196
225,552,195
225,551,195
225,551,195
225,550,194
226,556,193
226,556,193
226,555,193
226,556,194
226,555,194
226,554,193
226,555,193
226,554,192
226,554,192
227,537,187
227,536,186
227,536,186
227,536,186
227,536,186
227,536,185
227,536,184
227,536,184
227,536,184
228,554,188
228,555,187
228,555,186
228,553,185
228,554,184
228,554,184
228,554,183
228,554,182
229,540,181
229,540,181
229,540,179
229,540,179
229,540,178
229,540,178
229,540,178
229,540,177
229,540,178
230,555,180
230,555,182
230,555,182
230,555,182
230,554,183
230,555,184
230,553,187
230,554,187
231,556,187
231,554,187
231,554,188
231,555,189
231,554,190
231,554,190
231,554,190
231,553,191
232,559,193
232,559,193
232,559,193
232,559,193
232,559,193
232,558,194
232,557,193
232,557,194
232,554,192
233,558,195
233,556,194
233,556,193
233,556,193
233,556,192
233,556,192
233,555,192
234,542,190
234,541,189
234,540,188
234,540,187
234,538,186
234,539,185
234,539,184
234,537,183
234,536,183
235,556,186
235,555,186
235,555,186
235,555,186
235,555,186
235,555,185
235,554,185
235,553,185
236,559,185
236,558,186
236,558,184
236,558,185
236,556,187
236,555,186
236,554,188
236,554,189
236,553,191
237,556,192
237,554,192
237,555,191
237,554,191
237,553,190
237,552,190
237,552,190
237,552,190
237,552,190
238,557,193
238,557,193
238,557,192
238,556,191
238,555,192
238,554,190
238,553,191
239,558,191
239,557,191
239,557,190
239,555,190
239,554,189
239,554,187
239,553,186
240,554,189
240,553,188
240,553,187
240,552,186
240,552,184
240,551,182
240,551,181
241,557,184
241,557,183
241,556,183
241,555,182
241,554,182
241,551,182
241,550,179
241,548,180
242,553,183
242,552,182
242,551,182
242,551,183
242,551,182
242,550,182
242,551,180
243,559,182
243,559,181
243,558,179
243,556,179
243,555,177
243,554,178
243,554,178
243,552,179
244,560,184
244,559,182
244,557,181
244,554,183
244,553,183
244,552,181
244,551,183
244,550,182
245,561,184
245,560,183
245,557,185
245,555,184
245,552,187
245,551,187
245,551,188
245,557,188
246,581,181
246,591,187
246,607,198
246,632,190
246,656,185
246,677,198
246,703,213
246,719,209
247,779,216
247,810,233
247,877,271
247,888,262
247,905,250
247,933,268
247,939,262
248,942,283
248,945,276
248,961,289
248,963,281
248,977,296
248,979,285
248,1016,316
249,1133,324
249,1150,335
249,1159,326
249,1145,319
249,1155,312
249,1132,301
250,1126,290
250,1131,284
250,1121,277
250,1124,273
250,1117,268
250,1118,268
250,1111,263
250,1114,257
251,1081,234
251,1082,233
251,1076,229
251,1076,231
251,1070,226
251,1069,229
251,1063,225
251,1062,228
252,1150,232
252,1149,239
252,1141,236
252,1140,241
252,1136,240
252,1135,245
252,1129,241
252,1128,249
253,1075,253
253,1075,253
253,1072,251
253,1069,257
253,1065,254
253,1063,258
253,1062,261
253,1059,258
254,1065,260
254,1065,262
254,1061,260
254,1060,261
254,1059,259
254,1057,262
254,1054,261
255,1066,271
255,1063,269
255,1060,275
255,1057,273
255,1057,274
255,1053,272
255,1052,274
256,1064,277
256,1063,280
256,1061,278
256,1060,280
256,1056,279
256,1054,282
256,1052,281
257,1060,288
257,1059,286
257,1057,289
257,1054,287
257,1052,290
257,1049,286
257,1048,288
257,1046,286
257,1045,289
258,1056,291
258,1055,293
258,1053,293
258,1051,298
258,1051,300
258,1047,311
258,1046,318
258,1042,331
259,1049,344
259,1045,354
259,1045,361
259,1043,365
259,1038,364
259,1037,367
259,1035,366
259,1034,368
260,1041,368
260,1040,368
260,1037,366
260,1036,365
260,1034,363
260,1032,366
260,1030,363
260,1028,365
261,1038,367
261,1037,367
261,1035,367
261,1034,367
261,1033,366
261,1032,367
261,1029,366
261,1028,366
261,1026,364
262,1035,366
262,1032,364
262,1031,363
262,1030,362
262,1028,364
262,1028,364
262,1027,365
262,1026,363
263,1033,365
263,1032,366
263,1030,365
263,1029,365
263,1028,365
263,1026,363
263,1024,361
263,1023,362
264,1031,362
264,1029,363
264,1028,362
264,1026,363
264,1026,363
264,1024,364
264,1021,362
264,1019,364
265,1026,363
265,1025,364
265,1024,363
265,1023,365
265,1023,365
265,1022,365
265,1021,365
265,1019,366
266,1025,366
266,1023,368
266,1023,367
266,1021,368
266,1021,367
266,1020,368
266,1018,368
266,1017,368
267,1019,367
267,1018,367
267,1017,366
267,1016,367
267,1016,367
267,1015,367
267,1013,366
267,1012,367
267,1012,366
268,1018,367
268,1018,367
268,1018,367
268,1018,368
268,1016,367
268,1015,367
268,1014,367
268,1013,365
269,1016,369
269,1015,367
269,1015,366
269,1013,366
269,1013,366
269,1012,366
269,1012,366
269,1011,367
269,1010,367
270,1016,369
270,1015,368
270,1014,368
270,1013,369
270,1012,370
270,1012,369
270,1011,368
270,1010,369
270,1010,370
270,1010,370
271,1014,365
271,1013,365
271,1012,365
271,1012,365
271,1011,365
271,1010,364
271,1009,364
271,1008,364
271,1006,364
271,1006,364
271,1005,363
272,1009,366
272,1009,366
272,1007,365
272,992,368
272,991,368
272,1006,365
272,1005,365
272,1004,364
273,1007,369
273,1007,369
273,1006,369
273,1006,369
273,988,374
273,988,373
273,1003,367
274,1009,367
274,1007,367
274,1006,366
274,1005,366
274,1005,366
274,1004,366
274,1005,366
275,1008,366
275,1007,367
275,1007,367
275,1005,369
275,1005,369
275,1004,371
275,1004,375
276,1011,379
276,1011,380
276,1011,382
276,1009,381
276,1008,381
276,1008,381
276,1007,381
276,1006,380
277,1008,386
277,1008,386
277,1007,386
277,1007,386
277,1007,386
277,1006,387
277,1005,385
277,1003,382
278,1007,384
278,1006,384
278,1006,384
278,1005,384
278,1004,383
278,1005,382
278,1004,382
278,1003,381
279,1005,380
279,1005,379
279,1005,379
279,1004,379
279,1004,379
279,1003,376
279,1006,371
279,1004,370
280,1007,371
280,1006,370
280,1005,371
280,1005,370
280,1004,370
280,1003,368
280,1003,369
280,1002,368
281,1004,370
281,1003,371
281,1003,371
281,1002,370
281,1002,369
281,1001,369
281,1001,369
281,1001,369
282,1000,368
282,1000,368
282,1000,369
282,999,369
282,998,369
282,999,370
282,998,370
282,999,371
282,998,371
283,1005,378
283,1005,379
283,1005,378
283,1005,378
283,1004,378
283,1003,378
283,1004,379
283,1003,379
283,1003,378
284,1007,379
284,1006,378
284,1006,379
284,1006,379
284,1006,379
284,1005,378
284,1004,378
284,1003,376
284,1003,376
285,1005,378
285,1003,377
285,1003,376
285,1002,376
285,1002,375
285,1002,375
285,1001,373
285,1001,373
286,1004,369
286,1004,369
286,1004,369
286,1003,368
286,1004,368
286,1003,366
286,1003,366
286,1002,365
287,1002,369
287,1002,369
287,1002,368
287,1002,369
287,1001,370
287,1002,373
287,1003,372
287,1003,373
287,1001,374
288,1006,372
288,1005,371
288,1006,372
288,1005,373
288,1004,373
288,1004,373
288,1004,373
288,1004,371
289,1003,373
289,1003,373
289,1003,374
289,1001,374
289,1002,374
289,1002,374
289,1001,372
290,1005,370
290,1005,371
290,1005,370
290,1004,370
290,1004,369
290,1004,370
290,1003,369
290,1003,368
291,1003,369
291,1003,368
291,1003,368
291,1003,367
291,1003,368
291,1003,369
291,1002,369
291,1002,369
291,1003,370
292,1005,371
292,1005,372
292,1005,372
292,1006,373
292,1006,374
292,1005,374
292,1006,374
293,1005,374
293,1005,375
293,1005,376
293,1006,375
293,1006,375
293,1006,376
293,1006,376
293,1007,376
294,1007,377
294,1007,378
294,1007,377
294,1007,377
294,1007,377
294,1008,378
294,1008,378
294,1009,378
295,1012,379
295,1012,379
295,1011,379
295,1011,378
295,1011,378
295,1012,379
295,1012,379
295,1011,379
295,1011,379
296,1012,383
296,1011,383
296,1011,382
296,1011,382
296,1011,382
296,1012,383
296,1011,382
296,1011,383
297,1012,380
297,1012,380
297,1012,380
297,1012,380
297,1012,380
297,1012,380
297,1011,379
297,1011,380
297,1010,378
297,1010,379
298,1009,380
298,1009,379
298,1009,379
298,1009,378
298,1009,378
298,1009,378
298,1007,378
298,1007,378
298,1007,377
299,1011,374
299,1011,374
299,1011,374
299,1011,374
299,1010,374
299,1010,373
299,1009,374
300,1008,378
300,1008,378
300,1007,377
300,1007,377
300,1006,377
300,1006,378
300,1005,378
301,1004,383
301,1005,383
301,1005,383
301,1005,383
301,1004,382
301,1004,382
301,1004,382
301,1004,382
302,1005,382
302,1006,382
302,1006,382
302,1006,382
302,1006,382
302,1007,382
302,1006,381
302,1006,381
302,1006,381
303,1006,377
303,1006,376
303,1006,377
303,1005,377
303,1004,377
303,1003,377
303,1004,378
303,1004,378
304,1003,379
304,1004,379
304,1005,379
304,1004,379
304,1005,379
304,1004,378
304,1004,379
304,1004,378
305,1002,380
305,1002,380
305,1002,380
305,1003,381
305,1003,381
305,1003,381
305,1003,381
305,1004,381
305,1003,381
306,997,390
306,997,388
306,997,388
306,996,388
306,997,387
306,996,386
306,969,386
306,969,388
307,987,384
307,988,384
307,965,384
307,966,384
307,991,382
307,992,384
307,993,384
307,991,385
308,976,392
308,969,392
308,954,401
308,940,393
308,922,405
308,912,397
308,889,412
308,882,409
308,858,424
309,835,428
309,819,438
309,815,429
309,801,437
309,798,430
309,783,437
309,782,433
309,769,438
310,753,440
310,732,452
310,717,460
310,716,456
310,707,463
310,706,458
310,706,456
310,704,459
311,683,467
311,687,466
311,693,464
311,693,464
311,695,461
311,695,460
311,696,463
311,700,461
312,681,461
312,686,460
312,687,461
312,686,464
312,687,465
312,689,462
312,689,463
312,694,460
312,697,459
313,677,471
313,684,469
313,685,472
313,687,471
313,687,472
313,689,471
313,690,473
313,692,472
313,693,474
314,682,473
314,683,474
314,686,473
314,687,475
314,689,474
314,689,474
314,690,476
314,690,475
315,678,478
315,682,477
315,684,476
315,685,479
315,684,479
315,684,480
315,684,481
315,685,482
316,684,475
316,687,473
316,687,475
316,690,473
316,690,473
316,690,472
316,691,473
316,692,472
317,672,482
317,672,483
317,674,484
317,674,485
317,675,486
317,674,487
317,674,487
317,676,486
318,673,480
318,673,481
318,673,482
318,676,481
318,677,482
318,677,481
318,678,482
318,678,482
318,680,480
319,665,487
319,666,486
319,669,484
319,667,480
319,672,471
319,672,465
319,672,454
319,672,452
320,664,445
320,664,439
320,664,430
320,665,432
320,665,430
320,667,432
320,670,429
320,671,432
321,671,428
321,673,430
321,674,429
321,675,431
321,678,430
321,679,432
321,681,431
321,682,432
321,685,431
322,669,436
322,677,432
322,677,429
322,683,425
322,683,425
322,686,424
322,686,425
322,689,425
323,691,402
323,692,402
323,692,403
323,695,401
323,695,401
323,697,400
323,697,400
323,699,400
324,685,403
324,687,402
324,690,400
324,691,401
324,691,401
324,694,399
324,694,401
324,697,400
325,683,417
325,685,418
325,686,420
325,687,419
325,690,419
325,691,420
325,691,419
325,692,421
326,699,413
326,700,415
326,702,414
326,703,415
326,705,414
326,706,414
326,706,413
326,707,414
326,707,414
327,703,404
327,703,404
327,703,405
327,703,405
327,703,406
327,704,405
327,704,405
327,703,402
327,709,397
328,706,387
328,708,384
328,708,382
328,708,379
328,709,380
328,710,379
328,710,380
328,711,380
329,706,382
329,707,381
329,707,381
329,709,380
329,712,379
329,712,379
329,714,378
329,714,379
330,701,381
330,701,382
330,702,382
330,703,381
330,703,380
330,703,379
330,704,380
331,697,378
331,698,378
331,703,375
331,704,375
331,705,375
331,705,374
331,706,374
331,707,374
332,704,374
332,704,375
332,704,375
332,705,375
332,705,376
332,706,377
332,707,377
332,709,378
332,710,378
333,700,379
333,702,378
333,702,378
333,704,378
333,705,378
333,705,378
333,705,380
333,707,381
334,703,382
334,703,383
334,704,382
334,704,382
334,707,381
334,707,380
334,710,378
334,706,377
335,693,383
335,691,381
335,696,379
335,693,379
335,697,378
335,696,378
335,693,409
335,723,335
336,715,422
336,641,386
336,696,434
336,570,552
336,651,492
336,635,397
336,733,544
337,500,426
337,729,558
337,693,613
337,709,524
337,567,420
337,829,520
338,620,568
338,832,702
338,544,456
338,824,697
338,551,459
338,633,488
338,564,528
339,904,659
339,577,496
339,917,653
339,642,465
339,644,466
339,641,468
339,644,470
339,645,472
339,650,470
340,648,474
340,648,474
340,650,477
340,648,478
340,648,478
340,642,480
340,641,479
340,643,478
341,636,478
341,633,479
341,659,510
341,661,511
341,653,489
341,634,518
341,635,518
341,586,533
342,577,535
342,572,516
342,573,517
342,584,510
342,585,511
342,593,505
342,593,506
342,595,507
343,584,508
343,585,510
343,586,511
343,591,509
343,592,511
343,594,509
343,595,508
343,595,508
344,586,507
344,589,502
344,591,494
344,590,489
344,590,483
344,592,476
344,592,473
344,593,468
345,595,471
345,597,471
345,598,472
345,600,471
345,601,469
345,601,470
345,604,468
345,604,468
345,605,467
346,602,471
346,602,470
346,602,471
346,602,471
346,603,470
346,602,468
346,605,466
346,606,466
346,605,463
347,594,464
347,597,462
347,599,461
347,600,462
347,601,463
347,602,462
347,603,463
347,604,461
348,603,458
348,603,457
348,604,458
348,606,456
348,607,457
348,607,456
348,609,457
348,611,456
348,612,457
348,612,456
349,603,465
349,605,463
349,606,465
349,606,464
349,607,465
349,607,464
349,608,464
349,608,463
349,610,464
349,610,463
350,588,444
350,589,442
350,588,440
350,589,439
350,590,439
350,590,439
350,590,439
350,591,439
351,602,456
351,603,457
351,603,457
351,604,455
351,605,455
351,604,454
351,605,453
352,619,458
352,620,457
352,620,457
352,620,457
352,621,457
352,622,457
352,623,456
353,611,454
353,611,453
353,611,454
353,611,454
353,613,452
353,614,452
353,615,451
353,616,452
354,612,449
354,612,450
354,612,450
354,613,451
354,613,451
354,613,450
354,613,450
354,614,452
355,614,454
355,614,455
355,615,455
355,614,456
355,615,455
355,615,455
355,615,456
355,615,456
356,606,457
356,606,457
356,607,457
356,607,457
356,609,457
356,610,457
356,610,457
356,610,456
356,611,456
357,615,455
357,615,456
357,616,455
357,616,455
357,617,455
357,617,455
357,619,456
357,620,456
358,617,458
358,617,458
358,618,458
358,618,458
358,620,459
358,621,459
358,621,459
358,622,461
358,623,461
359,622,459
359,622,459
359,622,460
359,622,460
359,622,461
359,622,460
359,623,459
360,618,461
360,618,461
360,618,461
360,619,461
360,618,460
360,618,460
360,616,460
360,616,459
360,616,458
361,633,461
361,632,461
361,633,460
361,632,460
361,632,459
361,632,459
361,633,459
361,633,459
362,620,455
362,620,455
362,621,456
362,621,456
362,621,455
362,621,455
362,623,456
362,623,456
362,625,457
363,638,461
363,638,460
363,638,460
363,638,459
363,641,458
363,641,458
363,640,458
363,639,457
364,634,456
364,634,455
364,635,456
364,634,454
364,634,455
364,633,454
364,633,453
365,620,453
365,621,453
365,620,453
365,620,453
365,619,453
365,620,452
365,619,451
366,635,451
366,635,453
366,634,454
366,636,457
366,636,459
366,641,470
366,636,479
366,630,495
367,629,507
367,621,524
367,623,543
367,622,550
367,618,559
367,618,563
367,619,568
367,618,567
367,620,567
368,621,568
368,619,565
368,619,565
368,619,564
368,618,562
368,619,562
368,619,563
368,617,561
369,615,561
369,615,561
369,611,558
369,610,559
369,612,558
369,610,555
369,613,554
369,611,551
370,608,553
370,605,550
370,605,550
370,603,547
370,604,547
370,602,546
370,602,545
370,601,543
370,601,543
370,600,543
371,595,543
371,595,543
371,595,542
371,595,542
371,595,542
371,596,542
371,596,541
371,596,542
372,610,551
372,610,552
372,609,551
372,609,551
372,609,551
372,610,552
372,610,551
372,610,551
372,609,550
373,601,550
373,602,551
373,601,550
373,603,551
373,603,551
373,603,551
373,602,551
373,603,550
374,608,557
374,608,556
374,608,555
374,608,555
374,609,555
374,609,554
374,609,554
375,608,553
375,609,553
375,610,552
375,609,552
375,609,551
375,608,549
375,608,549
375,608,548
376,623,559
376,623,559
376,624,558
376,622,557
376,622,557
376,622,557
376,623,557
376,624,558
377,621,559
377,621,559
377,621,559
377,621,560
377,620,560
377,620,559
377,620,557
377,620,558
377,620,559
378,615,557
378,615,557
378,615,556
378,614,557
378,615,557
378,615,557
378,614,557
378,613,556
378,613,556
379,621,558
379,621,557
379,620,557
379,620,556
379,620,555
379,620,555
379,620,555
379,619,555
380,606,558
380,606,558
380,606,557
380,606,557
380,607,558
380,608,558
380,608,557
380,608,558
381,621,565
381,621,564
381,621,564
381,623,565
381,625,567
381,625,567
381,625,566
381,627,567
382,615,564
382,616,563
382,616,564
382,616,564
382,617,563
382,617,563
382,618,563
382,618,564
382,618,563
383,611,561
383,611,560
383,611,560
383,611,560
383,611,559
383,611,559
383,610,558
383,610,559
383,609,558
384,613,563
384,613,562
384,613,563
384,613,563
384,610,564
384,609,562
384,602,558
384,592,565
385,578,579
385,563,566
385,531,581
385,516,564
385,503,547
385,476,557
385,460,564
385,454,555
386,445,558
386,443,554
386,446,554
386,445,551
386,450,550
386,450,549
386,454,547
386,454,545
387,455,545
387,455,544
387,452,547
387,452,547
387,444,553
387,444,553
387,444,556
387,444,556
387,444,558
387,445,559
388,446,560
388,446,561
388,448,559
388,448,560
388,449,560
388,450,560
388,451,559
388,451,559
388,455,559
388,455,559
389,453,557
389,453,557
389,453,557
389,453,556
389,454,555
389,454,555
389,455,555
389,456,555
390,454,555
390,454,554
390,453,554
390,453,554
390,454,555
390,455,555
390,454,557
391,448,551
391,449,553
391,449,553
391,450,554
391,451,555
391,449,556
391,449,556
391,446,558
392,444,560
392,442,561
392,442,563
392,445,563
392,445,563
392,445,564
392,445,564
392,446,564
393,443,567
393,446,566
393,446,566
393,444,567
393,444,567
393,448,565
393,448,566
394,444,562
394,444,563
394,443,563
394,443,562
394,442,562
394,442,562
394,442,561
394,439,556
395,427,557
395,421,549
395,406,554
395,400,541
395,381,546
395,377,533
395,330,547
395,328,540
396,307,542
396,307,537
396,302,537
396,302,537
396,300,536
396,300,537
396,303,536
396,303,536
397,298,534
397,298,535
397,301,534
397,301,535
397,303,534
397,303,535
397,302,535
397,302,537
398,297,539
398,298,542
398,299,542
398,299,544
398,301,545
398,301,547
398,303,547
398,304,549
399,297,546
399,297,546
399,296,545
399,296,546
399,295,546
399,295,547
399,295,548
399,295,548
399,297,548
400,283,543
400,284,543
400,284,544
400,285,544
400,285,542
400,285,538
400,282,529
400,281,519
401,265,503
401,262,480
401,255,475
401,253,465
401,262,445
401,261,441
401,269,430
402,260,422
402,268,414
402,269,416
402,269,421
402,270,419
402,271,419
402,272,424
402,273,425
403,261,425
403,265,425
403,266,428
403,266,429
403,275,427
403,281,425
403,281,425
404,280,417
404,281,419
404,286,417
404,286,417
404,292,417
404,292,418
404,295,418
404,295,418
405,282,414
405,283,416
405,289,415
405,289,415
405,294,415
405,294,415
405,295,414
405,296,417
406,288,412
406,289,412
406,291,411
406,295,411
406,296,413
406,295,414
406,300,414
407,288,413
407,288,413
407,289,413
407,290,414
407,292,414
407,293,415
407,293,416
407,293,417
408,283,415
408,284,415
408,287,415
408,288,415
408,288,415
408,290,415
408,289,416
408,290,417
409,283,415
409,283,416
409,287,414
409,287,415
409,291,413
409,291,414
409,294,414
409,295,414
410,285,411
410,286,414
410,290,412
410,291,413
410,292,413
410,294,413
410,295,414
410,297,414
411,288,413
411,288,414
411,291,413
411,292,415
411,294,414
411,296,414
411,296,414
411,296,415
411,295,416
412,286,415
412,292,413
412,295,411
412,295,412
412,295,411
412,297,413
412,297,414
412,297,414
412,298,413
413,289,413
413,289,411
413,293,411
413,294,410
413,296,412
413,296,413
413,297,413
414,286,412
414,287,412
414,285,410
414,282,406
414,268,406
414,262,392
414,243,394
414,237,380
415,221,375
415,216,364
415,181,366
415,179,356
415,166,358
415,165,353
415,160,353
415,160,352
416,138,353
416,139,353
416,141,351
416,142,354
416,143,355
416,148,353
416,153,353
416,154,354
417,158,346
417,158,348
417,159,348
417,157,349
417,152,350
417,152,351
417,152,351
417,157,351
418,150,349
418,155,348
418,156,348
418,156,349
418,156,349
418,156,350
418,156,351
418,156,352
419,149,345
419,150,347
419,149,346
419,149,347
419,149,347
419,149,347
419,149,347
419,149,348
420,149,345
420,149,345
420,149,346
420,149,346
420,149,346
420,146,348
420,146,349
420,145,351
421,140,350
421,140,351
421,141,351
421,141,352
421,142,353
421,142,353
421,143,354
421,143,355
422,144,354
422,144,353
422,145,353
422,145,354
422,147,354
422,148,355
422,148,356
422,148,354
422,150,354
423,148,354
423,148,355
423,150,354
423,150,354
423,151,353
423,152,351
423,163,345
423,185,327
424,186,319
424,215,301
424,220,296
424,238,285
424,244,283
424,259,274
424,263,272
424,269,266
424,271,265
425,270,262
425,270,262
425,269,263
425,269,263
425,268,262
425,266,262
425,266,261
425,266,262
426,268,261
426,268,260
426,268,262
426,269,262
426,268,264
426,269,264
426,270,264
426,271,265
426,271,266
426,269,269
426,269,269
426,270,271
427,270,266
427,267,270
427,268,270
427,270,270
427,271,271
427,270,271
427,271,270
427,271,270
427,272,269
427,271,269
427,271,269
428,269,263
428,270,262
428,269,262
428,269,261
428,269,262
428,269,261
428,269,262
428,268,262
429,268,262
429,268,261
429,268,261
429,266,263
429,266,263
429,264,264
429,265,265
429,264,266
430,262,258
430,262,259
430,261,259
430,261,258
430,257,254
430,254,248
430,250,235
430,246,228
430,242,218
431,231,211
431,228,201
431,223,190
431,217,182
431,215,175
431,209,169
431,207,162
431,204,161
432,205,153
432,204,156
432,205,156
432,206,158
432,204,160
432,205,161
432,205,163
433,203,157
433,205,155
433,207,152
433,208,152
433,216,147
433,216,147
433,218,146
433,217,147
434,219,141
434,220,142
434,221,141
434,221,142
434,222,141
434,222,142
434,223,141
435,224,140
435,225,139
435,225,141
435,226,141
435,226,140
435,225,142
435,225,143
435,225,143
436,221,139
436,222,140
436,222,141
436,222,142
436,223,142
436,223,143
436,224,144
436,224,144
437,226,136
437,226,137
437,226,138
437,224,143
437,215,149
437,209,161
437,187,169
437,181,181
437,142,202
438,102,224
438,101,231
438,63,252
438,64,256
438,34,273
438,35,273
438,10,288
439,0,293
439,-17,303
439,-16,301
439,-15,300
439,-27,307
439,-28,307
439,-28,305
439,-26,303
439,-26,301
440,-17,295
440,-18,295
440,-16,295
440,-16,293
440,-15,292
440,-15,292
440,-14,291
440,-13,291
441,-20,290
441,-19,289
441,-19,288
441,-19,287
441,-17,286
441,-15,285
441,-15,284
441,-16,285
442,-27,283
442,-27,285
442,-26,285
442,-27,285
442,-27,286
442,-27,287
442,-27,287
442,-27,287
443,-23,285
443,-23,285
443,-23,284
443,-23,285
443,-22,285
443,-22,285
443,-22,285
443,-22,285
444,-22,283
444,-22,284
444,-21,284
444,-21,284
444,-22,285
444,-22,284
444,-21,284
445,-22,283
445,-21,283
445,-21,283
445,-22,283
445,-21,282
445,-21,282
445,-21,282
445,-22,281
445,-21,281
446,-23,281
446,-23,280
446,-23,280
446,-23,279
446,-23,279
446,-23,278
446,-24,278
446,-23,278
447,-26,277
447,-26,277
447,-26,276
447,-26,276
447,-26,276
447,-26,276
447,-25,276
447,-25,275
448,-31,275
448,-31,275
448,-31,276
448,-31,275
448,-30,275
448,-30,275
448,-30,275
449,-35,277
449,-35,277
449,-35,278
449,-35,278
449,-35,279
449,-35,279
449,-35,280
449,-35,280
450,-36,274
450,-36,274
450,-35,273
450,-35,273
450,-34,272
450,-33,271
450,-33,271
450,-32,270
451,-30,270
451,-30,270
451,-30,269
451,-30,269
451,-30,268
451,-28,267
451,-28,267
451,-27,266
452,-40,268
452,-40,267
452,-40,268
452,-40,268
452,-40,268
452,-40,269
452,-41,269
452,-41,270
452,-41,270
453,-47,271
453,-47,272
453,-46,273
453,-46,273
453,-46,274
453,-46,275
453,-46,273
453,-51,274
454,-55,274
454,-55,268
454,-54,261
454,-63,264
454,-62,260
454,-70,262
454,-74,263
454,-74,263
454,-74,264
455,-78,263
455,-77,262
455,-77,264
455,-78,263
455,-78,264
455,-78,264
455,-77,264
455,-76,263
455,-77,264
456,-85,265
456,-86,265
456,-86,264
456,-86,266
456,-86,266
456,-86,267
456,-86,268
456,-86,268
457,-81,263
457,-81,263
457,-80,265
457,-81,266
457,-81,266
457,-80,265
457,-80,266
457,-79,266
458,-93,265
458,-92,265
458,-92,265
458,-92,265
458,-92,265
458,-91,265
458,-91,265
458,-91,266
459,-73,263
459,-73,263
459,-73,264
459,-72,265
459,-72,265
459,-72,265
459,-72,264
459,-71,262
459,-72,262
460,-58,250
460,-61,248
460,-32,227
460,-34,226
460,3,204
460,2,201
460,32,184
460,32,178
461,59,158
461,61,153
461,85,141
461,88,137
461,117,127
461,144,118
461,150,112
462,179,97
462,188,90
462,205,85
462,211,83
462,215,79
462,217,77
462,212,79
462,211,81
463,205,89
463,204,89
463,200,90
463,199,92
463,198,91
463,198,92
463,195,93
463,195,94
463,194,93
464,197,85
464,197,83
464,196,84
464,197,84
464,196,85
464,195,85
464,194,87
464,194,87
464,190,90
465,196,89
465,197,89
465,199,89
465,199,89
465,200,91
465,201,92
465,201,93
465,202,93
465,202,93
466,204,91
466,205,92
466,205,92
466,205,92
466,205,95
466,205,95
466,204,96
466,203,98
467,207,96
467,207,96
467,207,97
467,207,96
467,207,97
467,207,97
467,206,98
467,206,98
468,208,94
468,208,95
468,208,95
468,207,96
468,207,95
468,207,95
468,207,93
468,209,86
468,208,80
469,212,67
469,213,57
469,212,48
469,210,41
469,211,35
469,210,29
469,211,26
470,213,24
470,209,25
470,209,26
470,210,25
470,207,27
470,206,28
470,203,29
470,203,29
470,200,30
471,205,24
471,201,25
471,201,25
471,201,24
471,201,24
471,201,23
471,200,25
471,201,24
472,208,25
472,209,25
472,209,25
472,208,25
472,208,26
472,207,26
472,207,28
472,206,27
473,209,19
473,208,20
473,208,21
473,208,21
473,207,21
473,205,25
473,205,25
473,203,27
473,203,26
473,202,27
474,208,24
474,209,25
474,209,24
474,206,26
474,206,26
474,206,27
474,206,28
474,206,29
474,205,29
475,206,29
475,206,30
475,205,31
475,205,32
475,204,33
475,203,33
475,203,34
475,203,35
475,203,36
476,207,34
476,207,35
476,206,36
476,206,37
476,206,38
476,205,38
476,207,40
476,211,43
477,224,39
477,239,45
477,267,54
477,279,64
477,295,74
477,308,88
477,320,94
477,326,101
478,329,111
478,331,113
478,333,112
478,330,110
478,328,109
478,327,108
478,324,107
478,322,106
479,329,106
479,328,105
479,325,104
479,324,104
479,323,103
479,322,104
479,319,102
480,325,103
480,323,102
480,322,101
480,320,102
480,319,102
480,314,101
480,312,101
480,311,100
481,319,104
481,320,104
481,319,104
481,318,104
481,318,104
481,317,103
481,316,103
482,328,100
482,327,99
482,326,101
482,325,99
482,325,98
482,322,98
482,322,97
482,321,95
482,320,95
483,334,106
483,333,106
483,332,105
483,329,104
483,329,104
483,328,104
483,338,109
483,343,113
484,381,128
484,397,142
484,418,161
484,444,168
484,466,187
484,485,189
484,504,206
484,516,203
485,547,222
485,556,221
485,558,221
485,563,217
485,560,212
485,559,211
485,554,213
486,567,215
486,560,216
486,557,213
486,551,215
486,549,214
486,545,215
486,539,212
486,534,212
487,549,213
487,546,213
487,541,210
487,535,215
487,532,213
487,532,212
487,528,209
487,524,208
487,521,208
488,541,217
488,536,217
488,532,219
488,530,218
488,527,217
488,524,217
488,521,214
488,517,215
489,545,226
489,543,224
489,541,223
489,536,224
489,533,223
489,533,223
489,535,226
489,545,235
490,592,258
490,618,284
490,646,290
490,669,297
490,697,327
490,723,356
490,734,359
490,757,384
491,809,405
491,831,429
491,837,430
491,823,420
491,799,448
491,868,459
491,883,482
492,894,523
492,877,498
492,827,524
492,884,518
492,891,534
492,826,531
492,894,550
492,863,527
493,989,643
493,1005,667
493,1021,690
493,1021,689
493,1077,756
493,982,633
494,1036,741
494,1182,778
494,1027,747
494,1358,1011
494,1259,911
494,1211,863
494,1191,841
495,1004,656
495,1000,651
495,991,667
495,989,662
495,985,668
495,982,663
495,981,664
496,1050,654
496,1046,650
496,1042,655
496,1038,651
496,1034,647
496,1034,647
496,1030,643
497,1057,669
497,1053,665
497,1057,657
497,1054,654
497,1048,663
497,1044,658
497,1040,664
497,1036,661
498,1049,686
498,1046,683
498,1053,655
498,985,638
498,1039,684
498,1038,681
498,1036,679
499,1056,719
499,1056,723
499,1055,730
499,983,677
499,1038,757
499,1033,754
499,1031,749
500,1046,792
500,1039,786
500,1037,789
500,1035,786
500,1019,809
500,1017,806
500,992,710
501,1024,767
501,1023,765
501,1022,764
501,1019,762
501,1000,783
501,998,782
501,994,784
501,992,782
502,995,830
502,994,827
502,991,829
502,989,827
502,987,828
502,987,827
502,957,859
502,957,859
503,973,787
503,971,786
503,969,786
503,968,785
503,956,793
503,956,793
503,954,794
503,954,794
504,961,842
504,959,841
504,968,833
504,965,835
504,963,834
504,961,833
504,955,839
504,952,841
505,969,818
505,968,817
505,959,823
505,952,827
505,951,826
505,946,829
505,946,830
505,944,830
506,961,813
506,960,811
506,955,814
506,949,816
506,949,815
506,943,819
506,942,818
507,942,847
507,941,846
507,937,848
507,936,847
507,935,847
507,934,845
507,934,845
508,941,874
508,927,885
508,916,878
508,960,694
508,874,904
508,842,875
508,836,870
508,848,861
509,854,870
509,875,857
509,875,856
509,874,856
509,894,842
509,913,827
509,914,828
510,946,814
510,944,811
510,952,802
510,952,802
510,961,792
510,961,792
510,968,783
510,968,784
511,979,769
511,985,762
511,982,764
511,983,764
511,985,764
511,980,767
511,981,767
511,978,768
512,984,789
512,982,789
512,981,787
512,976,790
512,974,788
512,972,788
512,971,786
512,970,787
512,969,786
513,984,786
513,983,784
513,980,786
513,979,786
513,975,787
513,975,787
513,976,785
513,975,785
513,975,783
513,973,782
513,971,783
513,970,781
513,968,782
513,968,782
513,965,783
514,989,794
514,988,795
514,985,796
514,985,795
514,984,796
514,983,794
514,979,796
514,978,795
514,975,799
514,976,800
514,979,799
514,986,809
514,1001,803
515,1014,848
515,1052,827
515,1068,845
515,1085,836
515,1081,838
515,1098,854
515,1112,867
515,1179,781
516,1195,775
516,1200,780
516,1196,777
516,1143,853
516,1142,852
516,1141,851
516,1141,851
517,1139,859
517,1138,857
517,1137,858
517,1137,859
517,1139,861
517,1138,862
517,1230,771
517,1146,737
517,1123,875
518,1129,885
518,1128,884
518,1111,897
518,1109,896
518,1093,908
518,1079,918
518,1079,918
518,1076,915
519,1079,921
519,1075,922
519,1073,921
519,1073,920
519,1071,921
519,1053,932
519,1053,930
519,1050,928
519,1046,931
520,1069,919
520,1067,916
520,1066,915
520,1070,913
520,1065,916
520,1055,909
520,1033,892
520,1016,899
521,974,908
521,945,876
521,943,873
521,932,875
521,933,877
521,951,869
521,951,870
522,955,878
522,968,869
522,969,869
522,970,870
522,980,864
522,990,857
522,991,858
522,992,858
522,991,857
522,1002,849
523,1000,849
523,1011,840
523,1012,841
523,1018,836
523,1020,838
523,1021,840
523,1022,838
523,1022,837
523,1021,838
524,1009,860
524,1003,863
524,998,857
524,990,861
524,984,851
524,980,853
524,975,844
524,965,847
524,963,843
525,972,828
525,972,828
525,974,826
525,974,826
525,974,825
525,974,825
525,974,825
525,974,825
526,985,818
526,985,816
526,985,816
526,985,815
526,986,815
526,987,814
526,987,813
526,988,812
527,981,816
527,982,815
527,982,816
527,982,815
527,978,815
527,978,814
527,976,816
528,970,814
528,970,814
528,971,815
528,973,815
528,974,815
528,976,816
528,976,817
528,977,816
528,980,814
529,981,819
529,981,819
529,980,820
529,982,818
529,982,819
529,982,818
529,984,818
529,984,816
530,971,822
530,971,821
530,971,820
530,971,820
530,974,817
530,977,814
530,977,814
530,977,813
531,991,801
531,994,799
531,994,799
531,994,799
531,996,798
531,996,798
531,1000,796
531,1004,794
531,1004,795
532,1001,800
532,1004,799
532,1007,797
532,1008,797
532,1008,798
532,1010,796
532,1010,796
532,1013,794
532,1013,794
533,1004,806
533,1004,805
533,1005,804
533,1007,805
533,1006,806
533,1006,804
533,1008,804
533,1008,804
533,1008,803
533,1008,802
534,1008,797
534,1008,797
534,1009,797
534,1008,796
