,world_index,X,Y
0,0,3517,791
1,0,3527,781
2,1,3524,807
3,1,3512,805
4,2,3518,806
5,2,3505,811
6,3,3553,849
7,3,3571,772
8,4,3519,721
9,4,3522,693
10,5,3588,679
11,5,3595,912
12,6,3496,935
13,6,3493,934
14,7,3512,819
15,7,3509,816
16,8,3596,856
17,8,3596,854
18,9,3518,816
19,9,3517,814
20,10,3570,712
21,11,3661,417
22,13,3592,659
23,13,3608,835
24,14,3648,881
25,15,3803,685
26,16,3557,624
27,16,3539,672
28,17,3737,609
29,17,3860,563
30,18,3866,561
31,18,3827,563
32,19,4018,441
33,19,3970,440
34,20,3783,481
35,20,3633,574
36,21,3576,605
37,21,3464,509
38,22,3375,663
39,22,3338,635
40,23,3191,485
41,23,3183,581
42,24,3130,593
43,24,3093,605
44,25,3078,454
45,25,2960,493
46,26,2860,497
47,26,2825,501
48,27,2815,498
49,27,2812,496
50,28,2793,502
51,28,2758,534
52,29,2719,895
53,29,2751,967
54,30,2565,551
55,30,2576,544
56,31,2540,541
57,31,2536,547
58,32,2511,549
59,32,2510,559
60,33,2476,601
61,33,2475,607
62,34,2419,618
63,34,2423,622
64,35,2399,671
65,35,2399,677
66,36,2390,676
67,36,2388,683
68,37,2387,674
69,37,2384,678
70,38,2394,665
71,38,2414,672
72,39,2406,717
73,39,2413,717
74,40,2422,702
75,40,2423,702
76,41,2420,701
77,41,2420,702
78,42,2419,701
79,42,2420,702
80,43,2426,662
81,43,2428,661
82,44,2418,703
83,44,2422,705
84,45,2447,681
85,45,2448,683
86,46,2566,649
87,46,2571,646
88,47,2480,688
89,47,2483,689
90,48,2492,702
91,48,2493,703
92,49,2487,697
93,49,2489,695
94,50,2495,686
95,50,2496,687
96,51,2503,690
97,51,2502,692
98,52,2514,748
99,52,2475,726
100,53,2431,716
101,53,2425,720
102,54,2407,699
103,54,2406,700
104,55,2423,727
105,55,2423,729
106,56,2432,717
107,56,2433,718
108,57,2418,728
109,57,2420,731
110,58,2428,744
111,58,2434,748
112,59,2422,742
113,59,2421,741
114,60,2424,740
115,60,2428,737
116,61,2426,733
117,61,2428,734
118,62,2449,735
119,62,2450,727
120,63,2451,719
121,63,2449,715
122,64,2431,719
123,64,2433,715
124,65,2432,711
125,65,2437,711
126,66,2429,720
127,66,2428,717
128,67,2445,703
129,67,2446,702
130,68,2435,709
131,68,2424,726
132,71,2364,989
133,71,2532,874
134,72,2612,835
135,72,2650,795
136,73,2554,747
137,73,2561,737
138,74,2663,752
139,74,2665,746
140,75,2620,738
141,75,2618,741
142,76,2669,750
143,76,2664,753
144,77,2571,731
145,77,2535,733
146,78,2534,766
147,78,2534,766
148,79,2548,719
149,79,2531,744
150,80,2562,711
151,80,2545,735
152,81,2607,722
153,81,2605,721
154,82,2539,697
155,82,2486,745
156,83,2502,755
157,83,2536,712
158,84,2544,696
159,84,2545,695
160,85,2515,704
161,85,2515,703
162,86,2516,700
163,86,2517,701
164,87,2480,715
165,87,2481,714
166,88,2476,710
167,88,2478,708
168,89,2545,716
169,89,2548,713
170,90,2510,700
171,90,2525,677
172,91,2567,716
173,91,2557,688
174,92,2500,690
175,92,2497,688
176,93,2521,681
177,93,2519,682
178,94,2479,700
179,94,2453,722
180,95,2492,703
181,95,2371,760
182,96,2368,767
183,96,2369,767
184,97,2464,707
185,97,2480,701
186,98,2561,687
187,98,2574,678
188,99,2581,686
189,99,2581,682
190,100,2569,685
191,100,2568,686
192,101,2545,683
193,101,2545,683
194,102,2495,683
195,102,2494,686
196,103,2595,673
197,103,2595,675
198,104,2527,677
199,104,2530,679
200,105,2507,685
201,105,2512,687
202,106,2538,671
203,106,2332,792
204,107,2226,798
205,107,2171,817
206,108,2063,912
207,108,2055,913
208,109,2011,928
209,109,2010,925
210,110,2037,910
211,110,2102,844
212,111,1800,934
213,111,1756,978
214,112,1907,915
215,112,1941,862
216,113,1982,871
217,113,1988,869
218,114,1953,898
219,114,1946,905
220,115,1758,978
221,115,1755,983
222,116,1735,1011
223,116,1740,1004
224,117,1850,953
225,117,1854,948
226,118,2081,837
227,118,2081,837
228,119,2085,836
229,119,2086,835
230,120,2092,830
231,120,2093,828
232,121,2126,880
233,121,2147,896
234,122,2315,842
235,122,2436,764
236,123,2536,739
237,123,2570,714
238,124,2581,716
239,124,2580,714
240,125,2591,696
241,125,2588,697
242,126,2595,699
243,126,2594,704
244,127,2605,699
245,127,2601,708
246,128,2604,707
247,128,2597,714
248,129,2599,715
249,129,2639,701
250,130,2796,710
251,131,3401,809
252,131,3335,808
253,132,3140,800
254,132,3198,765
255,133,3722,657
256,133,3660,638
257,134,2786,1052
258,134,2787,1054
259,135,3400,846
260,135,3367,853
261,136,3365,899
262,136,3346,847
263,137,3463,834
264,137,3527,937
265,138,3455,905
266,138,3444,957
267,139,3492,1009
268,139,3485,1009
269,140,3471,1027
270,140,3467,1025
271,141,3398,1039
272,141,3383,1029
273,142,3394,1018
274,142,3391,1019
275,143,3313,985
276,144,3396,787
277,144,3405,806
278,145,3511,962
279,145,3564,972
280,146,3349,872
281,146,3343,888
282,147,3320,905
283,147,3492,1044
284,148,3471,889
285,148,3785,811
286,149,3581,456
287,150,3583,523
288,150,3606,683
289,151,3536,707
290,151,3586,667
291,152,3612,666
292,152,3605,695
293,153,3605,764
294,153,3310,752
295,154,3146,780
296,154,3012,863
297,155,2937,904
298,155,2936,914
299,156,2824,1067
300,156,2810,1060
301,157,2847,1080
302,157,2826,1069
303,158,2995,907
304,158,3049,1031
305,159,3040,1032
306,159,3062,1052
307,160,3105,1076
308,160,3005,993
309,161,2991,1001
310,161,2979,979
311,162,2850,893
312,162,2816,903
313,163,2804,893
314,163,2799,886
315,164,2795,875
316,164,2799,880
317,165,2798,880
318,165,2799,886
319,166,2780,891
320,166,2789,900
321,167,2826,884
322,167,3020,833
323,168,3091,899
324,168,3092,940
325,169,3097,958
326,169,3097,968
327,170,3122,926
328,170,3129,884
329,171,3113,907
330,171,3122,922
331,172,3156,935
332,172,3154,935
333,173,3164,949
334,173,3175,958
335,174,3189,971
336,174,3187,973
337,175,3072,989
338,175,2849,943
339,176,2713,927
340,176,2691,922
341,177,2727,948
342,177,2726,952
343,178,2710,1004
344,178,2763,932
345,179,2735,955
346,179,2782,907
347,180,2806,888
348,180,2797,884
349,181,2768,870
350,181,2765,870
351,182,2713,878
352,182,2710,883
353,183,2746,912
354,183,2744,914
355,184,2745,914
356,184,2743,914
357,185,2749,883
358,185,2748,884
359,186,2772,907
360,186,2771,910
361,187,2749,918
362,187,2777,991
363,188,2918,1016
364,188,3030,1080
365,189,3076,1082
366,189,3092,1072
367,190,3008,1047
368,190,3010,1053
369,191,3099,1097
370,191,3102,1097
371,192,3094,1124
372,192,3096,1124
373,193,3022,1238
374,193,3055,1252
375,194,3133,1143
376,194,3130,1126
377,195,3136,1115
378,195,3137,1106
379,196,3136,1105
380,196,3137,1095
381,197,3136,1074
382,197,3141,1073
383,198,3142,1077
384,198,3145,1075
385,199,3155,1091
386,199,3137,1147
387,200,3141,1184
388,200,3162,1149
389,201,3151,1143
390,201,3157,1153
391,202,3197,1152
392,202,3199,1150
393,203,3174,1211
394,203,3172,1188
395,204,3106,1161
396,204,2934,1074
397,205,2815,970
398,205,2560,864
399,208,2475,804
400,208,2456,795
401,209,2475,761
402,209,2591,835
403,210,2515,786
404,210,2497,777
405,211,2481,769
406,211,2486,762
407,212,2481,755
408,212,2487,746
409,213,2506,720
410,213,2511,714
411,214,2521,712
412,214,2530,703
413,215,2528,685
414,215,2524,681
415,216,2483,721
416,216,2475,715
417,217,2439,707
418,217,2437,710
419,218,2472,692
420,218,2477,691
421,219,2444,697
422,219,2447,697
423,220,2445,694
424,220,2445,700
425,221,2435,703
426,221,2438,706
427,222,2449,701
428,222,2452,704
429,223,2429,716
430,223,2428,720
431,224,2441,716
432,224,2443,717
433,225,2431,722
434,225,2431,723
435,226,2459,708
436,226,2459,707
437,227,2450,717
438,227,2449,718
439,228,2455,711
440,228,2461,709
441,229,2462,696
442,229,2467,694
443,230,2469,690
444,230,2473,691
445,231,2474,694
446,231,2478,696
447,232,2473,700
448,232,2476,703
449,233,2511,738
450,233,2576,742
451,234,2610,698
452,234,2602,703
453,235,2605,699
454,235,2598,700
455,236,2597,698
456,236,2594,702
457,237,2593,703
458,237,2590,706
459,238,2592,708
460,238,2594,712
461,239,2586,724
462,239,2586,726
463,240,2600,716
464,240,2599,719
465,241,2594,728
466,241,2598,725
467,242,2595,725
468,242,2596,726
469,243,2603,724
470,243,2606,723
471,244,2605,717
472,244,2606,715
473,245,2612,718
474,245,2613,721
475,246,2616,730
476,246,2615,738
477,247,2615,744
478,247,2616,751
479,248,2616,759
480,248,2617,768
481,249,2615,777
482,249,2615,789
483,250,2615,794
484,250,2616,794
485,251,2609,758
486,251,2601,715
487,252,2529,810
488,252,2447,953
489,253,2404,1060
490,253,2393,1101
491,254,2378,1125
492,254,2378,1134
493,255,2415,1051
494,255,2415,1053
495,256,2362,1165
496,256,2368,1164
497,257,2385,1150
498,257,2388,1147
499,258,2371,1169
500,258,2375,1169
501,259,2352,1220
502,259,2367,1216
503,260,2474,1240
504,260,2537,1253
505,261,2544,1302
506,261,2553,1312
507,262,2572,1280
508,262,2573,1283
509,263,2575,1270
510,263,2575,1272
511,264,2588,1225
512,264,2589,1226
513,265,2589,1255
514,265,2590,1255
515,266,2579,1134
516,266,2579,1134
517,267,2602,1244
518,267,2604,1244
519,268,2593,1252
520,268,2603,1244
521,269,2615,1239
522,269,2622,1226
523,270,2621,1235
524,270,2624,1233
525,271,2634,1182
526,271,2635,1181
527,272,2633,1166
528,272,2633,1165
529,273,2634,1164
530,273,2635,1164
531,274,2629,1244
532,276,2350,1313
533,277,2531,957
534,277,2546,843
535,278,2549,871
536,278,2556,793
537,279,2562,771
538,279,2538,777
539,280,2521,801
540,280,2520,815
541,281,2565,766
542,281,2554,761
543,282,2572,744
544,282,2576,744
545,283,2568,743
546,283,2550,738
547,284,2496,746
548,284,2476,749
549,285,2473,755
550,285,2472,753
551,286,2466,743
552,286,2466,741
553,287,2482,740
554,287,2483,725
555,288,2485,728
556,288,2479,735
557,289,2472,731
558,289,2479,723
559,290,2476,696
560,290,2476,695
561,291,2474,682
562,291,2476,683
563,292,2467,660
564,292,2449,699
565,293,2459,708
566,293,2458,715
567,294,2449,709
568,294,2451,717
569,295,2402,714
570,295,2412,705
571,296,2468,731
572,296,2469,728
573,297,2466,736
574,297,2471,730
575,298,2465,746
576,298,2463,736
577,299,2480,723
578,299,2482,718
579,300,2461,698
580,300,2465,691
581,301,2461,668
582,301,2468,658
583,302,2470,635
584,302,2477,643
585,303,2495,630
586,303,2501,644
587,304,2494,654
588,304,2501,671
589,305,2500,669
590,305,2501,670
591,306,2495,688
592,306,2528,732
593,307,2423,774
594,307,2298,834
595,308,2205,896
596,308,2166,914
597,309,2143,912
598,309,2145,907
599,310,2076,844
600,310,2083,844
601,311,1760,997
602,311,1800,990
603,312,2091,848
604,312,2089,853
605,313,2142,906
606,313,2145,912
607,314,1695,1077
608,314,1697,1078
609,315,2146,954
610,315,2151,949
611,316,2177,951
612,316,2182,944
613,317,2093,874
614,317,2096,871
615,318,2093,865
616,318,2095,863
617,319,2085,860
618,319,2089,859
619,320,2083,860
620,320,2088,866
621,321,2091,862
622,321,2094,862
623,322,2091,871
624,322,2094,871
625,323,2086,880
626,323,1993,915
627,324,1853,946
628,324,1795,956
629,325,1772,962
630,325,1778,954
631,326,1900,1000
632,326,1920,987
633,327,1774,965
634,327,1775,965
635,328,1795,913
636,328,1805,912
637,329,1596,1142
638,329,1627,1133
639,330,1441,1244
640,331,0,0
641,332,0,0
642,333,0,0
643,334,569,1453
644,334,90,2009
645,335,1593,1161
646,335,1647,1083
647,336,1840,551
648,336,1822,556
649,337,-647,2469
650,337,-657,2532
651,338,369,1732
652,338,582,1577
653,339,1261,1044
654,339,1257,1043
655,340,0,0
656,341,0,0
657,342,0,0
658,343,-6843,1983
659,344,457,1561
660,344,441,1565
661,345,420,1555
662,345,388,1476
663,346,1165,126
664,346,1165,126
665,347,6584,-1001
666,347,6614,-976
667,348,112,1073
668,348,-206,1004
669,349,147,719
670,349,175,722
671,350,2677,550
672,350,2728,525
673,351,475,796
674,351,500,855
675,352,153,724
676,352,173,721
677,353,2463,440
678,353,2502,438
679,354,159,624
680,354,170,625
681,355,171,611
682,355,169,608
683,356,125,593
684,356,156,546
685,357,178,524
686,357,169,522
687,358,146,511
688,358,148,505
689,359,155,509
690,359,160,508
691,359,157,511
692,360,177,492
693,360,176,493
694,361,162,481
695,361,152,470
696,362,142,461
697,362,143,463
698,363,2402,616
699,363,2401,616
700,364,165,445
701,364,49,576
702,365,136,437
703,365,23,557
704,366,2442,613
705,366,2442,613
706,367,2567,653
707,369,0,0
708,371,3448,298
709,372,2060,1008
710,372,2047,1005
711,373,2778,1047
712,373,2780,1045
713,374,2782,1044
714,374,2782,1044
715,375,2343,714
716,375,2329,729
717,376,2296,794
718,376,2219,855
719,377,2780,1044
720,377,2780,1044
721,378,2088,854
722,378,2105,850
723,379,2145,826
724,379,2145,829
725,380,2128,823
726,380,2122,845
727,381,2143,800
728,381,2201,776
729,382,2465,597
730,382,2836,443
731,383,2650,509
732,383,2615,533
733,384,2652,527
734,384,2620,531
735,385,2877,412
736,385,2847,434
737,386,2862,567
738,386,2868,575
739,387,2650,532
740,387,2798,466
741,388,4295,-202
742,388,4460,-292
743,389,2900,397
744,389,2870,435
745,390,2647,599
746,390,2648,599
747,391,2547,721
748,391,2558,713
749,392,2521,696
750,392,2523,689
751,393,2769,552
752,393,2759,565
753,394,2699,607
754,394,2688,613
755,395,2734,571
756,395,2724,414
757,396,2741,441
758,396,2741,459
759,397,2809,540
760,397,2729,505
761,398,2747,564
762,398,2810,560
763,399,2774,561
764,399,2767,563
765,400,2659,567
766,400,2591,611
767,401,2571,682
768,401,2556,697
769,402,2597,668
770,402,2592,676
771,403,2643,649
772,403,2639,656
773,404,2582,661
774,404,2580,661
775,405,2597,647
776,405,2595,649
777,406,2571,673
778,406,2569,676
779,407,2509,687
780,407,2489,701
781,408,2461,719
782,408,2457,707
783,409,2508,687
784,409,2508,692
785,410,2484,693
786,410,2483,692
787,411,2497,688
788,411,2496,688
789,412,2519,678
790,412,2519,678
791,413,2504,681
792,413,2503,689
793,414,2451,695
794,414,2450,698
795,415,2508,702
796,415,2508,707
797,416,2455,704
798,416,2455,708
799,417,2493,717
800,417,2493,718
801,418,2493,722
802,418,2453,745
803,419,2450,739
804,419,2436,738
805,420,2425,744
806,420,2424,744
807,421,2440,743
808,421,2439,746
809,422,2442,743
810,422,2442,744
811,423,2441,738
812,423,2446,740
813,424,2437,737
814,424,2435,739
815,425,2463,726
816,425,2475,720
817,426,2461,726
818,426,2460,721
819,427,2466,714
820,427,2467,709
821,428,2501,676
822,428,2508,686
823,429,2505,718
824,429,2506,712
825,430,2502,675
826,430,2491,671
827,431,2488,678
828,431,2482,680
829,432,2471,676
830,432,2464,681
831,433,2400,738
832,433,2393,743
833,434,2389,744
834,434,2390,744
835,435,2425,718
836,435,2424,719
837,436,2410,731
838,436,2416,718
839,437,2411,735
840,437,2412,735
841,438,2385,728
842,438,2378,733
843,439,2315,780
844,439,2312,789
845,440,2307,784
846,440,2305,794
847,441,2403,732
848,441,2406,729
849,442,2346,745
850,442,2474,748
851,443,2567,719
852,443,2580,716
853,444,2574,722
854,444,2576,724
855,445,2571,731
856,445,2569,726
857,446,2554,757
858,446,2579,773
859,447,2601,754
860,447,2605,742
861,448,2600,747
862,448,2598,751
863,449,2604,753
864,449,2604,754
865,450,2611,782
866,450,2609,784
867,451,2606,762
868,451,2605,762
869,452,2612,784
870,452,2609,785
871,453,2619,772
872,453,2615,770
873,454,2599,780
874,454,2596,777
875,455,2598,769
876,455,2596,770
877,456,2607,735
878,456,2604,734
879,457,2590,759
880,457,2591,740
881,458,2605,731
882,458,2604,733
883,459,2583,770
884,459,2582,770
885,460,2596,753
886,460,2595,752
887,461,2584,775
888,461,2583,774
889,462,2586,772
890,462,2586,773
891,463,2595,742
892,463,2497,719
893,464,2442,722
894,464,2409,727
895,465,2380,729
896,465,2374,729
897,466,2377,736
898,466,2384,736
899,467,2299,762
900,467,2309,764
901,468,2285,799
902,468,2303,792
903,469,2418,764
904,469,2421,767
905,470,2437,736
906,470,2436,752
907,471,2434,757
908,471,2440,770
909,472,2127,720
910,472,2195,745
911,473,2418,764
912,473,2398,756
913,474,2381,752
914,474,2404,746
915,475,2441,757
916,475,2471,759
917,476,2435,734
918,476,2442,755
919,477,2449,777
920,477,2475,772
921,478,2410,676
922,478,2443,672
923,479,2482,767
924,479,2499,762
925,480,2408,769
926,480,2425,766
927,481,2411,767
928,481,2419,764
929,482,2433,763
930,482,2435,763
931,483,2427,761
932,483,2430,762
933,484,2424,781
934,484,2440,753
935,485,2455,765
936,485,2457,764
937,486,2446,773
938,486,2452,753
939,487,2447,746
940,487,2448,741
941,488,2450,738
942,488,2452,733
943,489,2658,790
944,489,2654,809
945,490,2441,773
946,490,2455,775
947,491,2509,714
948,491,2576,662
949,492,2579,729
950,492,2560,757
951,493,2625,568
952,493,2691,479
953,494,2686,417
954,494,2647,579
955,495,2551,937
956,495,3111,5074
957,496,0,0
958,497,0,0
959,498,1566,-105
960,499,0,0
961,500,2202,-894
962,500,53,1269
963,501,1165,126
964,501,1165,126
965,502,982,880
966,502,1272,864
967,503,869,203
968,503,13,443
969,504,1167,127
970,504,1166,126
971,505,2435,681
972,505,2447,673
973,506,1059,161
974,506,1056,162
975,507,2448,614
976,507,2447,614
977,508,686,322
978,508,695,322
979,509,285,447
980,509,291,469
981,510,166,501
982,510,194,517
983,511,216,558
984,511,245,556
985,512,2936,424
986,512,2840,435
987,513,289,564
988,513,287,579
989,514,297,561
990,514,296,565
991,515,292,488
992,515,278,510
993,516,872,219
994,516,857,224
995,517,237,659
996,517,237,660
997,518,2930,574
998,518,2953,573
999,519,86,648
1000,519,90,646
1001,520,211,543
1002,520,213,542
1003,521,247,696
1004,521,245,697
1005,522,2442,613
1006,522,2442,613
1007,523,1098,118
1008,523,1098,118
1009,524,2446,613
1010,524,2442,613
1011,525,1003,182
1012,525,1036,171
1013,526,2442,613
1014,526,2443,613
1015,527,757,503
1016,527,876,393
1017,528,1165,127
1018,528,1165,127
1019,529,750,496
1020,529,750,496
1021,530,2951,639
1022,530,2951,639
1023,531,2502,653
1024,531,2502,653
1025,532,2420,612
1026,532,2444,613
1027,533,2425,613
1028,533,2467,616
1029,534,2439,613
1030,534,2439,613
1031,535,2443,613
1032,535,2443,613
1033,536,1061,161
1034,536,1061,161
1035,537,2442,614
1036,537,2442,614
1037,538,1166,127
1038,538,1166,127
1039,539,2973,641
1040,539,2973,641
1041,540,758,513
1042,540,758,513
1043,541,944,793
1044,541,936,792
1045,542,759,511
1046,542,759,511
1047,543,382,424
1048,543,375,434
1049,544,1165,126
1050,544,1165,126
1051,545,2874,51
1052,545,2878,51
1053,546,1157,123
1054,546,1154,124
1055,547,1060,160
1056,547,1061,160
1057,548,1061,161
1058,548,1061,161
1059,549,1166,127
1060,549,1166,127
1061,550,1188,118
1062,550,1187,118
1063,551,1412,38
1064,551,1352,59
1065,552,1556,0
1066,552,1019,174
1067,553,1060,161
1068,553,1060,161
1069,554,1060,161
1070,554,1060,161
1071,555,1064,161
1072,555,1064,161
1073,556,1167,126
1074,556,1168,126
1075,557,1163,127
1076,557,1163,127
1077,558,1069,177
1078,558,1069,177
1079,559,1165,126
1080,559,1165,126
1081,560,1061,161
1082,560,1061,161
1083,561,1124,180
1084,561,1124,179
1085,562,1152,127
1086,562,1152,127
1087,563,1063,160
1088,563,1063,160
1089,564,1100,146
1090,564,1100,145
1091,565,1061,161
1092,565,1061,161
1093,566,1061,162
1094,566,1061,162
1095,567,1060,162
1096,567,1060,162
1097,568,1166,126
1098,568,1166,126
1099,569,758,511
1100,569,758,511
1101,570,1167,126
1102,570,1167,126
1103,571,273,698
1104,571,264,699
1105,572,4962,727
1106,572,4454,705
1107,573,0,0
1108,574,0,0
1109,575,0,0
1110,576,0,0
1111,577,0,0
1112,581,2951,639
1113,582,1772,383
1114,582,2566,-20
1115,583,3062,341
1116,583,2302,480
1117,584,1744,446
1118,584,1750,449
1119,585,3379,907
1120,585,3830,900
1121,587,0,0
1122,588,0,0
1123,594,3335,965
1124,594,3361,942
1125,595,1986,994
1126,602,3193,965
1127,602,3129,878
1128,603,2812,713
1129,603,2679,645
1130,604,2658,609
1131,604,2630,612
1132,605,2623,607
1133,605,2602,623
1134,606,2626,613
1135,606,2601,623
1136,607,2592,643
1137,607,2577,676
1138,608,2641,655
1139,608,2621,638
1140,609,2609,625
1141,609,2602,658
1142,610,2628,606
1143,610,2628,598
1144,611,2642,601
1145,611,2631,624
1146,612,2638,635
1147,612,2618,660
1148,613,2630,674
1149,613,2626,678
1150,614,2592,690
1151,614,2587,675
1152,615,2515,662
1153,615,2511,657
1154,616,2576,639
1155,616,2591,649
1156,617,2565,655
1157,617,2574,676
1158,618,2563,671
1159,618,2581,682
1160,619,2601,661
1161,619,2625,656
1162,620,2619,650
1163,620,2518,738
1164,621,2521,762
1165,621,2508,771
1166,622,2499,795
1167,622,2651,780
1168,623,3167,942
1169,623,3622,1146
1170,624,3665,580
1171,625,3059,594
1172,626,2791,1010
1173,626,2801,989
1174,627,7282,6716
1175,627,5911,4820
1176,628,32,3757
1177,628,-5940,10139
1178,629,3619,905
1179,629,3619,918
1180,630,3623,917
1181,630,3583,917
1182,631,3623,900
1183,631,3652,896
1184,632,3563,991
1185,632,3524,1008
1186,633,3604,971
1187,633,3607,984
1188,634,3681,1025
1189,634,3673,1024
1190,635,3524,839
1191,635,3493,734
1192,636,3445,718
1193,636,3439,710
1194,637,3439,699
1195,637,3442,693
1196,638,3435,688
1197,638,3439,692
1198,639,3433,697
1199,639,3435,695
1200,640,3497,657
1201,640,3499,658
1202,641,3473,680
1203,641,3477,707
1204,642,3393,766
1205,642,3394,785
1206,643,3471,736
1207,643,3497,703
1208,644,3452,727
1209,644,3461,731
1210,645,3368,747
1211,645,3376,749
1212,646,3395,753
1213,646,3401,755
1214,647,2925,648
1215,647,2924,648
1216,648,3412,732
1217,648,3404,736
1218,649,3479,731
1219,649,3482,736
1220,650,2443,613
1221,650,2442,613
1222,651,2947,635
1223,651,2947,635
1224,652,3359,757
1225,652,3362,759
1226,653,3360,828
1227,653,3363,831
1228,654,3359,785
1229,654,3363,785
1230,655,3415,864
1231,655,3419,843
1232,656,2442,613
1233,656,2442,613
1234,657,3380,832
1235,657,3383,834
1236,658,3387,826
1237,658,3390,823
1238,659,2442,613
1239,659,2442,613
1240,660,3437,858
1241,660,3439,857
1242,661,2949,638
1243,661,2949,638
1244,662,3423,766
1245,662,3431,761
1246,663,2951,639
1247,663,2951,639
1248,664,3458,830
1249,664,3487,793
1250,665,3436,851
1251,665,3430,878
1252,666,3351,815
1253,666,3351,819
1254,667,3394,888
1255,667,3395,889
1256,668,2439,613
1257,668,2439,613
1258,669,2442,613
1259,669,2442,613
1260,670,3450,809
1261,670,3449,819
1262,671,2781,1043
1263,671,2781,1043
1264,672,3343,853
1265,672,3345,854
1266,673,3449,869
1267,673,3450,869
1268,674,3529,930
1269,674,3533,931
1270,675,3447,860
1271,675,3449,862
1272,676,3443,837
1273,676,3444,837
1274,677,3455,834
1275,677,3455,833
1276,678,3364,833
1277,678,3365,832
1278,679,3408,858
1279,679,3411,856
1280,680,3375,818
1281,680,3377,816
1282,681,3458,827
1283,681,3462,825
1284,682,3454,829
1285,682,3460,830
1286,683,2954,640
1287,683,2954,640
1288,684,2425,601
1289,684,2438,610
1290,685,2768,1045
1291,685,2764,1047
1292,686,2442,613
1293,686,2442,613
1294,687,2952,641
1295,687,2952,643
1296,688,2435,614
1297,689,2933,636
1298,689,2934,636
1299,690,2790,566
1300,690,2693,521
1301,691,2444,604
1302,691,2443,606
1303,692,1835,-19
1304,692,3373,887
1305,693,2588,736
1306,693,2605,731
1307,694,2603,719
1308,694,2611,727
1309,695,2629,701
1310,695,2631,701
1311,696,2641,702
1312,696,2639,704
1313,697,2619,712
1314,697,2618,715
1315,698,2630,714
1316,698,2633,707
1317,699,2624,733
1318,699,2639,703
1319,700,2647,702
1320,700,2645,702
1321,701,2640,723
1322,701,2649,700
1323,702,2652,716
1324,702,2647,716
1325,703,2657,693
1326,703,2650,699
1327,704,2644,705
1328,704,2628,707
1329,705,2606,663
1330,705,2588,669
1331,706,2447,607
1332,706,2450,611
1333,707,1270,172
1334,708,2449,622
1335,708,2449,622
1336,709,2442,613
1337,709,2442,613
1338,710,3576,945
1339,710,3540,927
1340,711,3524,846
1341,711,3486,847
1342,712,3377,944
1343,712,3376,953
1344,713,2952,639
1345,713,2952,639
1346,714,3336,903
1347,714,3331,902
1348,715,3478,936
1349,715,3472,931
1350,716,3543,981
1351,716,3534,975
1352,717,3332,938
1353,717,3330,939
1354,718,3432,954
1355,718,3426,948
1356,719,3358,901
1357,719,3359,898
1358,720,3293,923
1359,720,3293,921
1360,721,3433,922
1361,721,3433,921
1362,722,3430,964
1363,722,3428,960
1364,723,3389,920
1365,723,3372,942
1366,724,3396,967
1367,724,3390,986
1368,725,3336,1051
1369,725,3334,1058
1370,726,3362,1085
1371,726,3361,1087
1372,727,3352,1031
1373,727,3350,1031
1374,728,3451,1070
1375,728,3450,1074
1376,729,3348,1043
1377,729,3345,1041
1378,730,3383,1020
1379,730,3312,1062
1380,731,3229,1141
1381,731,3218,1148
1382,732,3291,1059
1383,732,3289,1057
1384,733,3179,1117
1385,733,3180,1110
1386,734,3238,1053
1387,734,3236,1045
1388,735,3216,1132
1389,735,3217,1125
1390,736,3158,1123
1391,736,3146,1131
1392,737,3439,1846
1393,737,3429,1836
1394,738,3146,1211
1395,738,3146,1206
1396,739,3314,1449
1397,739,3315,1440
1398,740,2874,1381
1399,740,2879,1371
1400,741,3267,1243
1401,741,3267,1237
1402,742,3218,1150
1403,742,3217,1147
1404,743,3215,1201
1405,743,3213,1199
1406,744,3106,1124
1407,744,3107,1122
1408,745,2879,709
1409,745,2879,709
1410,746,3496,1204
1411,746,3471,1169
1412,747,3379,1459
1413,747,3373,1446
1414,748,3332,1502
1415,748,3330,1496
1416,749,-137,-7283
1417,749,-510,-8229
1418,750,3234,1162
1419,750,3234,1160
1420,751,2900,733
1421,751,2900,734
1422,752,3232,1066
1423,752,3235,1068
1424,753,2994,846
1425,753,2994,846
1426,754,2987,929
1427,754,2987,929
1428,755,3314,1334
1429,755,3315,1335
1430,756,3223,1019
1431,756,3261,926
1432,757,3188,803
1433,757,3313,740
1434,758,3465,704
1435,758,3494,682
1436,759,3456,678
1437,759,3436,701
1438,760,3445,726
1439,760,3433,722
1440,761,3446,727
1441,761,3447,732
1442,762,3452,737
1443,762,3453,739
1444,763,3475,733
1445,763,3482,741
1446,764,3484,716
1447,764,3461,738
1448,765,3472,719
1449,765,3481,715
1450,766,3477,693
1451,766,3473,698
1452,767,3480,685
1453,767,3477,707
1454,768,3478,704
1455,768,3469,700
1456,769,3462,695
1457,769,3465,699
1458,770,3472,714
1459,770,3468,764
1460,771,3460,766
1461,771,3461,774
1462,772,3451,773
1463,772,3453,774
1464,773,3449,770
1465,773,3461,768
1466,774,2442,613
1467,774,2442,613
1468,775,3455,770
1469,775,3452,773
1470,776,3476,761
1471,776,3489,762
1472,777,3504,768
1473,777,3492,751
1474,778,3527,745
1475,778,3537,737
1476,779,3491,718
1477,780,3571,809
1478,780,3577,803
1479,781,3509,754
1480,781,3499,779
1481,782,3490,771
1482,782,3492,779
1483,783,3461,762
1484,783,3456,788
1485,784,3448,790
1486,784,3451,788
1487,785,3451,772
1488,785,3457,775
1489,786,3450,773
1490,786,3454,773
1491,787,3454,767
1492,787,3383,839
1493,788,3285,907
1494,788,3206,1083
1495,789,2781,1044
1496,789,2781,1044
1497,790,2780,1042
1498,790,2780,1042
1499,791,2777,1029
1500,791,2778,1030
1501,792,3132,868
1502,792,3131,859
1503,793,2781,1047
1504,793,2780,1047
1505,794,2757,1064
1506,794,2756,1065
1507,795,2772,1042
1508,795,2773,1042
1509,796,2948,1237
1510,796,2956,1227
1511,797,2949,1239
1512,797,2957,1234
1513,798,2989,1206
1514,798,2996,1201
1515,799,2967,1219
1516,799,2921,1246
1517,800,2912,1225
1518,800,2910,1218
1519,801,3019,1146
1520,801,3023,1142
1521,802,2990,1146
1522,802,2998,1145
1523,803,2897,1205
1524,803,2900,1199
1525,804,2913,1200
1526,804,2919,1201
1527,805,2891,1218
1528,805,2818,1251
1529,806,2633,1327
1530,806,2574,1331
1531,807,2599,1264
1532,807,2600,1255
1533,808,2577,1271
1534,808,2588,1267
1535,809,2600,1244
1536,809,2615,1244
1537,810,2715,1247
1538,810,2727,1243
1539,811,2684,1233
1540,811,2700,1228
1541,812,2780,1044
1542,812,2780,1044
1543,813,2620,1050
1544,813,2630,1040
1545,814,2643,1080
1546,814,2649,1079
1547,815,2510,1014
1548,815,2517,1017
1549,816,2691,1076
1550,816,2715,1056
1551,817,2728,1015
1552,817,2736,1011
1553,818,2735,1010
1554,818,2739,1016
1555,819,2741,1020
1556,819,2744,1032
1557,820,2745,986
1558,820,2747,990
1559,821,2754,935
1560,821,2756,938
1561,822,2743,1037
1562,822,2746,1040
1563,823,2758,1047
1564,823,2765,1060
1565,824,2764,1061
1566,824,2765,1065
1567,825,2766,1068
1568,825,2766,1075
1569,826,2800,1020
1570,826,2803,1025
1571,827,2769,1068
1572,827,2770,1071
1573,828,2772,1045
1574,828,2763,1041
1575,829,2760,1035
1576,829,2758,1030
1577,830,2758,1014
1578,830,2756,1010
1579,831,2748,1023
1580,831,2746,1025
1581,832,2710,946
1582,832,2707,946
1583,833,2759,1006
1584,833,2758,1007
1585,834,2750,1014
1586,834,2750,1017
1587,835,2747,1013
1588,835,2747,1016
1589,836,2692,949
1590,836,2694,951
1591,837,2760,1085
1592,837,2768,1110
1593,838,2768,1117
1594,838,2768,1118
1595,839,2770,1126
1596,839,2774,1127
1597,840,2784,1131
1598,840,2786,1126
1599,841,2793,1124
1600,841,2795,1116
1601,842,2801,1092
1602,842,2797,1084
1603,843,2789,1082
1604,843,2785,1080
1605,844,2793,1054
1606,844,2791,1055
1607,845,2777,1074
1608,845,2777,1073
1609,846,2772,1074
1610,846,2771,1073
1611,847,2770,1081
1612,847,2769,1082
1613,848,2772,1075
1614,848,2772,1076
1615,849,2776,1076
1616,849,2759,1061
1617,850,2750,1062
1618,850,2746,1057
1619,851,2745,1055
1620,851,2742,1054
1621,852,2742,1053
1622,852,2739,1052
1623,853,2676,962
1624,853,2675,961
1625,854,2682,961
1626,854,2681,960
1627,855,2729,1058
1628,855,2727,1058
1629,856,2728,1060
1630,856,2727,1059
1631,857,2725,1053
1632,857,2724,1052
1633,858,2724,1053
1634,858,2723,1053
1635,859,2738,1025
1636,859,2737,1023
1637,860,2716,1065
1638,860,2715,1063
1639,861,2713,1056
1640,861,2713,1054
1641,862,2711,1047
1642,862,2710,1045
1643,863,2708,1041
1644,863,2708,1041
1645,864,2707,1041
1646,864,2708,1042
1647,865,2705,1048
1648,865,2706,1049
1649,866,2724,1023
1650,866,2726,1025
1651,867,2728,1022
1652,867,2729,1024
1653,868,2715,1045
1654,868,2725,1060
1655,869,2744,1048
1656,869,2748,1055
1657,870,2721,1107
1658,870,2722,1108
1659,871,2749,1059
1660,871,2750,1059
1661,872,2733,1094
1662,872,2733,1094
1663,873,2718,1121
1664,873,2719,1120
1665,874,2664,1007
1666,874,2660,1003
1667,875,2716,1125
1668,875,2710,1113
1669,876,2721,1002
1670,876,2720,1000
1671,877,2714,1030
1672,877,2714,1029
1673,878,2655,985
1674,878,2655,986
1675,879,2705,1091
1676,879,2705,1091
1677,880,2702,1089
1678,880,2701,1090
1679,881,2715,979
1680,881,2715,980
1681,882,2705,1001
1682,882,2705,1002
1683,883,2696,1104
1684,883,2697,1104
1685,884,2706,1065
1686,884,2706,1064
1687,885,2711,1106
1688,885,2711,1105
1689,886,2842,1273
1690,886,3054,1224
1691,887,2442,613
1692,887,2442,613
1693,888,2784,1045
1694,888,2784,1045
1695,889,2779,1041
1696,889,2779,1041
1697,890,2775,1036
1698,893,2781,1044
1699,894,3246,1131
1700,894,3238,1124
1701,895,3290,1259
1702,895,3266,1255
1703,896,3269,1242
1704,896,3262,1217
1705,897,3303,1170
1706,897,3333,1137
1707,898,3361,1162
1708,898,3368,1157
1709,899,3384,1113
1710,899,3379,1116
1711,900,3382,1148
1712,900,3363,1158
1713,901,3372,1217
1714,901,3350,1219
1715,902,2781,1044
1716,902,2774,1046
1717,903,3455,1471
1718,903,3584,1151
1719,904,3675,983
1720,904,3656,915
1721,905,3696,936
1722,905,3690,935
1723,906,3602,995
1724,906,3569,993
1725,907,3640,1016
1726,907,3718,982
1727,908,3693,946
1728,908,3723,1025
1729,909,3767,1133
1730,909,3760,1141
1731,910,3668,1139
1732,910,3685,1146
1733,911,3692,1129
1734,911,3684,1095
1735,912,3602,950
1736,912,3549,886
1737,913,3540,829
1738,913,3538,815
1739,914,3531,804
1740,914,3530,810
1741,915,3529,808
1742,915,3512,800
1743,916,3503,794
1744,916,3500,798
1745,917,3495,793
1746,917,3491,802
1747,918,3492,812
1748,918,3493,811
1749,919,3449,836
1750,919,3411,901
1751,920,3389,936
1752,920,3392,932
1753,921,3389,932
1754,921,3386,937
1755,922,3381,957
1756,922,3382,958
1757,923,3383,932
1758,923,3383,930
1759,924,3380,931
1760,924,3382,929
1761,925,3368,946
1762,925,3376,944
1763,926,3379,942
1764,926,3386,936
1765,927,3392,929
1766,927,3395,932
1767,928,3394,943
1768,928,3397,940
1769,929,3401,935
1770,929,3400,933
1771,930,3363,971
1772,930,3351,984
1773,931,3357,965
1774,931,3356,965
1775,932,3336,1009
1776,932,3336,1009
1777,933,3335,1011
1778,933,3334,1010
1779,934,3338,1011
1780,934,3338,1011
1781,935,3351,975
1782,935,3351,975
1783,936,3336,1024
1784,936,3336,1023
1785,937,3332,1028
1786,937,3334,1024
1787,938,3334,1006
1788,938,3335,1004
1789,939,3325,1018
1790,939,3326,1015
1791,940,3325,984
1792,940,3327,980
1793,941,3328,996
1794,941,3360,987
1795,942,3363,973
1796,942,3366,972
1797,943,3377,968
1798,943,3380,969
1799,944,3372,978
1800,944,3377,979
1801,945,3374,977
1802,945,3376,976
1803,946,3370,991
1804,946,3326,1070
1805,947,3298,1152
1806,947,3282,1190
1807,948,3264,1223
1808,948,3262,1234
1809,949,3263,1229
1810,949,3264,1229
1811,950,3258,1243
1812,950,3262,1236
1813,951,3266,1238
1814,951,3273,1240
1815,952,3247,1241
1816,952,3245,1251
1817,953,3128,1232
1818,953,3093,1265
1819,954,3149,1188
1820,954,3149,1189
1821,955,3074,1284
1822,955,3085,1287
1823,956,3185,1151
1824,956,3192,1153
1825,957,3132,1237
1826,957,3139,1230
1827,958,3118,1279
1828,958,3128,1267
1829,959,3103,1292
1830,959,3107,1284
1831,960,3111,1172
1832,960,3091,1173
1833,961,3015,1235
1834,961,3020,1229
1835,962,3002,1233
1836,962,2997,1231
1837,963,2913,1280
1838,963,2914,1272
1839,964,2881,1261
1840,964,2887,1255
1841,965,2797,1286
1842,965,2809,1278
1843,966,2870,1261
1844,966,2882,1253
1845,967,2924,1208
1846,967,2931,1203
1847,968,2900,1247
1848,968,2906,1242
1849,969,2847,1282
1850,969,2858,1274
1851,970,2867,1265
1852,970,2870,1262
1853,971,2951,1163
1854,971,2948,1156
1855,972,2837,1227
1856,972,2844,1212
1857,973,2829,1220
1858,973,2836,1208
1859,974,2854,1194
1860,974,2860,1189
1861,975,2928,1117
1862,975,2932,1112
1863,976,2916,1113
1864,976,2922,1112
1865,977,2917,1115
1866,977,2922,1122
1867,978,2908,1127
1868,978,2918,1128
1869,979,2899,1147
1870,979,2908,1155
1871,980,2947,1114
1872,980,2951,1116
1873,981,2872,1078
1874,981,2875,1082
1875,982,2905,1002
1876,982,2909,1005
1877,983,2926,1017
1878,983,2928,1017
1879,984,2865,1134
1880,984,2868,1133
1881,985,2890,995
1882,985,2893,993
1883,986,2860,1125
1884,986,2863,1125
1885,987,2878,1116
1886,987,2878,1116
1887,988,2863,1196
1888,988,2865,1195
1889,989,2908,1044
1890,989,2909,1043
1891,990,2919,1126
1892,990,2918,1123
1893,991,2919,1117
1894,991,2917,1114
1895,992,2943,1041
1896,992,2949,1043
1897,993,2967,1080
1898,993,2976,1073
1899,994,2939,1032
1900,994,2944,1030
1901,995,2961,1027
1902,995,2964,1027
1903,996,2909,1021
1904,996,2912,1020
1905,997,2984,1063
1906,997,2987,1062
1907,998,2954,1024
1908,998,2958,1023
1909,999,2932,1053
1910,999,2936,1050
1911,1000,2933,1016
1912,1000,2937,1014
1913,1001,2969,1023
1914,1001,2964,1046
1915,1002,3004,1035
1916,1002,3011,1012
1917,1003,2946,1023
1918,1003,2943,1026
1919,1004,3123,1234
1920,1004,3126,1235
1921,1005,2958,1038
1922,1005,2874,1008
1923,1006,2813,969
1924,1006,2776,957
1925,1007,2775,970
1926,1007,2773,965
1927,1008,2741,941
1928,1008,2741,941
1929,1009,2711,977
1930,1009,2709,982
1931,1010,2770,942
1932,1010,2759,942
1933,1011,2567,987
1934,1011,2567,987
1935,1012,2712,928
1936,1012,2711,930
1937,1013,2671,944
1938,1013,2672,944
1939,1014,2635,954
1940,1014,2633,959
1941,1015,2670,937
1942,1015,2670,941
1943,1016,2678,941
1944,1016,2679,941
1945,1017,2738,939
1946,1017,2747,929
1947,1018,2691,929
1948,1018,2697,920
1949,1019,2745,909
1950,1019,2746,909
1951,1020,2749,907
1952,1020,2751,906
1953,1021,2682,940
1954,1021,2682,940
1955,1022,2695,916
1956,1022,2697,914
1957,1023,2731,908
1958,1023,2732,910
1959,1024,2744,913
1960,1024,2746,911
1961,1025,2691,928
1962,1025,2681,999
1963,1026,2652,1080
1964,1027,2553,1157
1965,1027,2545,1139
1966,1028,2604,1028
1967,1028,2603,1014
1968,1029,2639,1058
1969,1029,2640,1047
1970,1030,2579,1025
1971,1030,2583,1013
1972,1031,2574,1010
1973,1031,2571,1018
1974,1032,2545,1066
1975,1032,2538,1082
1976,1033,2623,1088
1977,1033,2624,1089
1978,1034,2609,1144
1979,1034,2612,1138
1980,1035,2590,1099
1981,1035,2595,1092
1982,1036,2498,1149
1983,1036,2504,1150
1984,1037,2638,1212
1985,1037,2641,1208
1986,1038,2589,1105
1987,1038,2591,1102
1988,1039,2528,1200
1989,1039,2560,1204
1990,1040,2453,1229
1991,1040,2456,1235
1992,1041,2631,1132
1993,1041,2634,1131
1994,1042,2710,1138
1995,1042,2711,1137
1996,1043,2792,1274
1997,1048,1675,1964
1998,1049,2755,1055
1999,1049,2747,1056
2000,1050,3335,864
2001,1050,3335,864
2002,1051,2445,1099
2003,1051,2457,1097
2004,1052,2198,1042
2005,1052,2193,1041
2006,1053,3420,248
2007,1053,3461,209
2008,1054,2944,982
2009,1054,2919,991
2010,1055,2238,961
2011,1055,2266,990
2012,1056,1949,997
2013,1056,2047,1003
2014,1057,2119,902
2015,1057,2057,948
2016,1058,2021,935
2017,1058,2026,941
2018,1059,2016,998
2019,1059,2061,972
2020,1060,1998,1028
2021,1060,2012,1045
2022,1061,2084,973
2023,1061,2111,955
2024,1062,2088,945
2025,1062,2103,918
2026,1063,2085,919
2027,1063,2100,915
2028,1064,2095,921
2029,1064,2093,929
2030,1065,3258,923
2031,1065,3259,923
2032,1066,0,0
2033,1067,0,0
2034,1069,0,0
2035,1070,0,0
2036,1071,2224,928
2037,1071,2175,944
2038,1072,3390,987
2039,1072,3342,922
2040,1073,3228,862
2041,1073,3205,883
2042,1074,3181,883
2043,1074,3167,891
2044,1075,3133,912
2045,1075,3099,900
2046,1076,3066,891
2047,1076,3069,891
2048,1077,3049,904
2049,1077,3061,898
2050,1078,3066,882
2051,1078,3080,876
2052,1079,3079,875
2053,1079,3087,872
2054,1080,3094,871
2055,1080,3134,843
2056,1081,3240,787
2057,1081,3379,727
2058,1082,3478,785
2059,1082,3503,761
2060,1083,3530,772
2061,1083,3523,771
2062,1084,3542,766
2063,1084,3531,761
2064,1085,3526,750
2065,1085,3520,761
2066,1086,3536,759
2067,1086,3518,721
2068,1087,3641,731
2069,1087,3769,794
2070,1088,3924,816
2071,1088,3913,803
2072,1089,3891,799
2073,1089,3847,845
2074,1090,3869,936
2075,1090,3857,881
2076,1091,3837,901
2077,1091,3784,904
2078,1092,3779,949
2079,1092,3759,919
2080,1093,3812,922
2081,1093,3826,927
2082,1094,3834,821
2083,1094,3787,797
2084,1095,3778,839
2085,1095,3757,858
2086,1096,3839,839
2087,1096,3813,935
2088,1097,3819,943
2089,1097,3809,947
2090,1098,3836,973
2091,1098,3801,901
2092,1099,3768,897
2093,1099,3792,893
2094,1100,3769,948
2095,1100,3761,972
2096,1101,3740,987
2097,1101,3736,992
2098,1102,3761,984
2099,1102,3754,986
2100,1103,3869,1113
2101,1103,3863,1113
2102,1104,3745,988
2103,1104,3742,988
2104,1105,3744,991
2105,1105,3742,992
2106,1106,3751,1047
2107,1106,3751,1047
2108,1107,3753,1013
2109,1107,3751,1013
2110,1108,3736,996
2111,1108,3735,996
2112,1109,3850,1126
2113,1109,3848,1124
2114,1110,3724,1017
2115,1110,3697,1034
2116,1111,3594,1022
2117,1111,3441,1137
2118,1112,3222,1289
2119,1119,2915,1374
2120,1120,2901,1276
2121,1120,2909,1226
2122,1121,3017,1079
2123,1121,3021,1074
2124,1122,3007,1064
2125,1122,3011,1065
2126,1123,3001,1083
2127,1123,2980,1093
2128,1124,2881,1196
2129,1124,2878,1198
2130,1125,2846,1217
2131,1125,2850,1216
2132,1126,2937,1097
2133,1126,2945,1097
2134,1127,2883,1144
2135,1127,2887,1147
2136,1128,2867,1168
2137,1128,2871,1170
2138,1129,2878,1153
2139,1129,2879,1149
2140,1130,2788,1116
2141,1130,2757,1085
2142,1131,2735,1063
2143,1131,2736,1052
2144,1132,2725,1062
2145,1132,2727,1061
2146,1133,2519,1203
2147,1133,2573,1164
2148,1134,2716,1067
2149,1134,2735,1054
2150,1135,2631,1147
2151,1135,2560,1116
2152,1136,2389,1134
2153,1136,2372,1139
2154,1137,2584,1013
2155,1137,2585,1013
2156,1138,2585,1004
2157,1138,2589,1006
2158,1139,2300,1123
2159,1139,2307,1128
2160,1140,2567,1018
2161,1140,2571,1020
2162,1141,2593,1016
2163,1141,2600,1024
2164,1142,2590,1014
2165,1142,2596,1014
2166,1143,2700,987
2167,1143,2707,979
2168,1144,2716,973
2169,1144,2717,976
2170,1145,2707,976
2171,1145,2709,979
2172,1146,2594,1026
2173,1146,2600,1028
2174,1147,2593,1026
2175,1147,2593,1029
2176,1148,2714,978
2177,1148,2714,980
2178,1149,2611,1021
2179,1149,2610,1024
2180,1150,2694,982
2181,1150,2689,985
2182,1151,2690,983
2183,1151,2687,988
2184,1152,2552,1056
2185,1152,2556,1050
2186,1153,2627,1010
2187,1153,2627,1009
2188,1154,2588,1018
2189,1154,2588,1018
2190,1155,2628,1008
2191,1155,2627,1008
2192,1156,2677,984
2193,1156,2677,984
2194,1157,2592,1013
2195,1157,2590,1018
2196,1158,2752,963
2197,1158,2752,964
2198,1159,2582,1029
2199,1159,2575,1036
2200,1160,2690,989
2201,1160,2686,996
2202,1161,2498,1039
2203,1161,2494,1043
2204,1162,2699,993
2205,1162,2696,995
2206,1163,2566,1091
2207,1163,2563,1092
2208,1164,2698,1094
2209,1164,2899,1083
2210,1165,3158,1033
2211,1165,3277,1063
2212,1166,3336,1107
2213,1166,3347,1107
2214,1167,3372,1039
2215,1167,3364,1043
2216,1168,3340,1142
2217,1168,3334,1148
2218,1169,3357,1094
2219,1169,3364,1077
2220,1170,3380,1072
2221,1170,3382,1071
2222,1171,3339,1117
2223,1171,3329,1142
2224,1172,3332,1151
2225,1172,3352,1090
2226,1173,3333,1084
2227,1173,3314,1097
2228,1174,3305,1090
2229,1174,3299,1094
2230,1175,3326,1056
2231,1175,3322,1057
2232,1176,3302,1106
2233,1176,3300,1107
2234,1177,3292,1110
2235,1177,3289,1110
2236,1178,3288,1106
2237,1178,3285,1105
2238,1179,3302,1056
2239,1179,3301,1059
2240,1180,3277,1102
2241,1180,3277,1101
2242,1181,3269,1108
2243,1181,3269,1109
2244,1182,3134,1153
2245,1182,2960,1206
2246,1183,2847,1253
2247,1183,2821,1266
2248,1184,2838,1232
2249,1184,2841,1240
2250,1185,2883,1184
2251,1185,2894,1186
2252,1186,2860,1248
2253,1186,2871,1248
2254,1187,2828,1273
2255,1187,2839,1267
2256,1188,2824,1260
2257,1188,2834,1259
2258,1189,2771,1325
2259,1189,2788,1328
2260,1190,2876,1222
2261,1190,2888,1230
2262,1191,2888,1239
2263,1191,2899,1236
2264,1192,2900,1221
2265,1192,2910,1216
2266,1193,2886,1237
2267,1193,2892,1236
2268,1194,2994,1145
2269,1194,2985,1146
2270,1195,2821,1126
2271,1195,2790,1096
2272,1196,2867,1027
2273,1196,2861,1023
2274,1197,2741,1072
2275,1197,2743,1073
2276,1198,2740,1069
2277,1198,2747,1071
2278,1199,2813,1042
2279,1199,2801,1036
2280,1200,2698,1047
2281,1200,2690,1040
2282,1201,2679,1043
2283,1201,2682,1042
2284,1202,2680,1036
2285,1202,2684,1031
2286,1203,2690,1037
2287,1203,2693,1036
2288,1204,2758,1007
2289,1204,2763,1006
2290,1205,2682,1027
2291,1205,2686,1028
2292,1206,2659,1046
2293,1206,2662,1051
2294,1207,2745,996
2295,1207,2719,1001
2296,1208,2638,1034
2297,1208,2635,1025
2298,1209,2641,1014
2299,1209,2636,1011
2300,1210,2714,896
2301,1210,2715,893
2302,1211,2630,916
2303,1211,2632,913
2304,1212,2568,1027
2305,1212,2573,1024
2306,1213,2736,944
2307,1213,2738,943
2308,1214,2642,982
2309,1214,2642,984
2310,1215,2694,971
2311,1215,2697,970
2312,1216,2671,879
2313,1216,2677,876
2314,1217,2657,918
2315,1217,2662,925
2316,1218,2597,934
2317,1218,2661,945
2318,1219,2642,955
2319,1219,2645,953
2320,1220,2609,983
2321,1220,2642,939
2322,1221,2684,937
2323,1221,2693,932
2324,1222,2674,925
2325,1222,2675,928
2326,1223,2657,956
2327,1223,2655,969
2328,1224,2636,977
2329,1224,2618,986
2330,1225,2615,987
2331,1225,2612,990
2332,1226,2664,967
2333,1226,2664,966
2334,1227,2600,1002
2335,1227,2601,1000
2336,1228,2642,975
2337,1228,2643,975
2338,1228,2645,975
2339,1229,2601,995
2340,1229,2603,994
2341,1230,2673,968
2342,1230,2674,967
2343,1231,2601,998
2344,1231,2602,997
2345,1232,2613,967
2346,1232,2616,966
2347,1233,2610,987
2348,1233,2611,984
2349,1234,2616,973
2350,1234,2616,974
2351,1235,2606,988
2352,1235,2606,987
2353,1236,2616,929
2354,1236,2616,929
2355,1237,2610,977
2356,1237,2610,976
2357,1238,2610,972
2358,1238,2610,973
2359,1239,2621,950
2360,1239,2630,936
2361,1240,2665,920
2362,1240,2663,919
2363,1241,2666,894
2364,1241,2669,897
2365,1242,2673,902
2366,1242,2691,880
2367,1243,2686,892
2368,1243,2685,892
2369,1244,2668,915
2370,1244,2666,915
2371,1245,2710,887
2372,1245,2709,887
2373,1246,2698,891
2374,1246,2695,893
2375,1247,2692,875
2376,1247,2692,875
2377,1248,2713,862
2378,1248,2721,859
2379,1249,2716,901
2380,1249,2716,902
2381,1250,2699,898
2382,1250,2700,898
2383,1251,2714,902
2384,1251,2713,902
2385,1252,2758,886
2386,1252,2755,885
2387,1253,2695,910
2388,1253,2694,910
2389,1254,2720,893
2390,1254,2719,892
2391,1255,2688,904
2392,1255,2686,904
2393,1256,2764,871
2394,1256,2764,871
2395,1257,2722,877
2396,1257,2725,877
2397,1258,2688,901
2398,1258,2690,902
2399,1259,2689,904
2400,1259,2690,904
2401,1260,2705,884
2402,1260,2706,884
2403,1261,2735,881
2404,1261,2736,881
2405,1262,2761,871
2406,1263,2765,884
2407,1263,2766,885
2408,1264,2688,906
2409,1264,2689,905
2410,1265,2721,901
2411,1265,2717,906
2412,1266,2759,848
2413,1266,2755,895
2414,1267,2597,1311
2415,1267,2593,1340
2416,1268,2664,1040
2417,1268,2667,1037
2418,1269,2766,938
2419,1269,2768,935
2420,1270,2670,994
2421,1270,2671,994
2422,1271,2653,1005
2423,1271,2658,1002
2424,1272,2762,935
2425,1272,2769,931
2426,1273,2782,910
2427,1273,2785,910
2428,1274,2786,919
2429,1274,2787,920
2430,1275,2790,937
2431,1275,2791,937
2432,1276,2733,951
2433,1276,2732,952
2434,1277,2735,941
2435,1277,2733,941
2436,1278,2739,937
2437,1278,2742,1034
2438,1280,2593,881
2439,1280,2567,795
2440,1281,1837,1413
2441,1281,1904,1248
2442,1282,2522,723
2443,1282,2519,713
2444,1283,2516,705
2445,1283,2519,703
2446,1284,2526,709
2447,1284,2456,755
2448,1285,2538,695
2449,1285,2547,705
2450,1286,2377,800
2451,1286,2383,805
2452,1287,2372,819
2453,1287,2373,821
2454,1288,2410,814
2455,1288,2540,733
2456,1289,2510,751
2457,1289,2511,756
2458,1290,2538,741
2459,1290,2520,716
2460,1291,2497,711
2461,1291,2393,747
2462,1292,2382,779
2463,1292,2406,735
2464,1293,2423,738
2465,1293,2439,737
2466,1294,2369,685
2467,1294,2391,679
2468,1295,2336,642
2469,1295,2312,665
2470,1296,-1183,2955
2471,1296,3903,-52
2472,1297,0,0
2473,1298,0,0
2474,1299,0,0
2475,1300,0,0
2476,1301,0,0
2477,1302,-666,1079
2478,1302,-469,1152
2479,1303,152,1020
2480,1303,219,1001
2481,1304,190,974
2482,1305,-53,784
2483,1306,67,661
2484,1306,99,653
2485,1307,54,729
2486,1307,35,732
2487,1308,36,733
2488,1308,19,721
2489,1309,12,795
2490,1309,141,885
2491,1310,159,904
2492,1310,178,929
2493,1311,176,856
2494,1311,284,841
2495,1312,348,885
2496,1312,367,888
2497,1313,338,799
2498,1313,340,799
2499,1314,447,1029
2500,1314,577,1075
2501,1315,431,951
2502,1315,446,971
2503,1316,635,989
2504,1316,634,995
2505,1317,620,945
2506,1317,606,952
2507,1318,473,871
2508,1318,467,869
2509,1319,547,884
2510,1319,536,886
2511,1320,793,1279
2512,1320,883,1217
2513,1321,677,805
2514,1321,670,806
2515,1322,739,954
2516,1322,715,964
2517,1323,795,951
2518,1323,768,939
2519,1324,652,965
2520,1324,632,955
2521,1325,537,973
2522,1325,519,960
2523,1326,732,1065
2524,1326,695,1022
2525,1327,705,890
2526,1327,652,886
2527,1328,615,849
2528,1328,562,900
2529,1329,2416,606
2530,1329,2428,608
2531,1330,2579,605
2532,1330,2611,600
2533,1331,782,828
2534,1331,1015,783
2535,1332,3351,871
2536,1335,2106,885
2537,1336,2116,899
2538,1336,2150,877
2539,1337,2248,937
2540,1337,2119,980
2541,1338,1887,528
2542,1338,1930,520
2543,1339,1161,778
2544,1339,1021,777
2545,1340,883,635
2546,1340,855,625
2547,1341,1430,662
2548,1341,1361,631
2549,1342,757,761
2550,1342,759,811
2551,1343,617,861
2552,1343,646,854
2553,1344,631,835
2554,1344,645,847
2555,1345,606,828
2556,1345,585,827
2557,1346,569,817
2558,1346,568,821
2559,1347,560,822
2560,1347,565,808
2561,1348,566,791
2562,1348,567,786
2563,1349,566,784
2564,1349,568,782
2565,1350,568,791
2566,1350,569,786
2567,1351,519,829
2568,1351,527,830
2569,1352,584,776
2570,1352,589,775
2571,1353,590,775
2572,1353,593,774
2573,1354,585,783
2574,1354,587,782
2575,1355,587,782
2576,1355,589,783
2577,1356,587,770
2578,1356,588,759
2579,1357,582,753
2580,1357,587,749
2581,1358,501,816
2582,1358,504,815
2583,1359,502,806
2584,1359,507,809
2585,1360,549,732
2586,1360,488,724
2587,1361,441,719
2588,1361,411,756
2589,1362,414,760
2590,1362,425,768
2591,1363,429,753
2592,1363,452,747
2593,1364,446,741
2594,1364,426,773
2595,1365,420,791
2596,1365,437,800
2597,1366,417,772
2598,1366,420,778
2599,1367,420,795
2600,1367,424,793
2601,1368,425,809
2602,1368,441,797
2603,1369,440,800
2604,1369,461,857
2605,1370,451,893
2606,1370,456,904
2607,1371,451,895
2608,1371,458,896
2609,1372,459,902
2610,1372,467,896
2611,1373,469,886
2612,1373,475,883
2613,1374,479,887
2614,1374,482,884
2615,1375,479,892
2616,1375,482,889
2617,1376,520,866
2618,1376,604,844
2619,1377,619,881
2620,1377,632,880
2621,1378,633,888
2622,1378,634,889
2623,1379,640,896
2624,1379,639,894
2625,1380,683,827
2626,1380,653,867
2627,1381,654,854
2628,1381,653,853
2629,1382,669,866
2630,1382,666,867
2631,1383,656,847
2632,1383,655,846
2633,1384,672,831
2634,1384,658,840
2635,1385,671,850
2636,1385,659,858
2637,1386,672,846
2638,1386,657,850
2639,1387,678,864
2640,1387,724,847
2641,1388,758,822
2642,1388,748,823
2643,1389,738,852
2644,1389,728,851
2645,1390,747,859
2646,1390,733,831
2647,1391,746,857
2648,1391,740,855
2649,1392,756,844
2650,1392,750,828
2651,1393,755,819
2652,1393,749,819
2653,1394,756,811
2654,1394,750,811
2655,1395,761,796
2656,1395,749,799
2657,1396,759,801
2658,1396,741,804
2659,1397,756,778
2660,1397,747,771
2661,1398,921,817
2662,1401,0,0
2663,1402,2033,200
2664,1403,3289,820
2665,1404,2948,213
2666,1404,3042,154
2667,1405,2722,252
2668,1405,2482,365
2669,1406,2492,347
2670,1406,2468,363
2671,1407,2618,490
2672,1407,2762,594
2673,1408,2795,682
2674,1408,2820,660
2675,1409,2881,674
2676,1409,2812,649
2677,1410,2838,750
2678,1410,2804,768
2679,1411,2908,764
2680,1411,2878,760
2681,1412,2789,754
2682,1412,2783,763
2683,1413,2787,760
2684,1413,2769,763
2685,1414,2779,768
2686,1414,2750,760
2687,1415,2670,769
2688,1415,2641,787
2689,1416,2634,804
2690,1416,2627,809
2691,1417,2635,819
2692,1417,2629,822
2693,1418,2605,811
2694,1418,2601,808
2695,1419,2604,811
2696,1419,2600,809
2697,1420,2635,843
2698,1420,2710,872
2699,1421,2728,807
2700,1421,2781,817
2701,1422,2765,838
2702,1422,2760,835
2703,1423,2762,830
2704,1423,2754,829
2705,1424,2808,776
2706,1424,2805,779
2707,1425,2778,765
2708,1425,2771,765
2709,1426,2732,781
2710,1426,2586,740
2711,1427,2498,724
2712,1427,2477,723
2713,1428,2464,722
2714,1428,2450,738
2715,1429,2468,745
2716,1429,2470,740
2717,1430,2466,734
2718,1430,2468,734
2719,1431,2451,738
2720,1431,2451,740
2721,1432,2451,740
2722,1432,2460,735
2723,1433,2525,766
2724,1433,2593,757
2725,1434,2614,733
2726,1434,2622,736
2727,1435,2641,732
2728,1435,2641,734
2729,1436,2630,734
2730,1436,2632,732
2731,1437,2645,746
2732,1437,2643,746
2733,1438,2657,734
2734,1438,2659,738
2735,1439,2741,709
2736,1439,2766,691
2737,1440,2788,681
2738,1440,2789,678
2739,1441,2812,678
2740,1441,2823,681
2741,1442,2841,682
2742,1442,2845,683
2743,1443,2845,681
2744,1443,2831,699
2745,1444,2844,744
2746,1444,2841,765
2747,1445,2849,765
2748,1445,2843,771
2749,1446,2847,769
2750,1446,2833,781
2751,1447,2829,792
2752,1447,2821,798
2753,1448,2813,817
2754,1448,2809,821
2755,1449,2809,788
2756,1449,2800,706
2757,1450,2804,673
2758,1450,2796,673
2759,1451,2801,671
2760,1451,2797,674
2761,1452,2804,670
2762,1452,2802,672
2763,1453,2799,679
2764,1453,2798,680
2765,1454,2793,676
2766,1454,2791,677
2767,1455,2798,677
2768,1455,2799,677
2769,1456,2799,673
2770,1456,2795,675
2771,1457,2796,671
2772,1457,2794,673
2773,1458,2792,674
2774,1458,2789,679
2775,1459,2793,679
2776,1459,2791,681
2777,1460,2791,688
2778,1460,2791,688
2779,1461,2789,700
2780,1461,2787,699
2781,1462,2785,698
2782,1462,2783,694
2783,1463,2784,693
2784,1463,2781,691
2785,1464,2784,688
2786,1464,2782,686
2787,1465,2775,690
2788,1465,2717,711
2789,1466,2683,769
2790,1466,2669,790
2791,1467,2625,783
2792,1467,2623,789
2793,1468,2664,794
2794,1468,2665,798
2795,1469,2645,819
2796,1469,2649,819
2797,1470,2650,826
2798,1470,2652,826
2799,1471,2623,810
2800,1471,2624,810
2801,1472,2655,793
2802,1472,2647,771
2803,1473,2634,759
2804,1473,2629,755
2805,1474,2638,744
2806,1474,2637,743
2807,1475,2623,764
2808,1475,2623,763
2809,1476,2587,774
2810,1476,2589,764
2811,1477,2691,874
2812,1477,2779,1018
2813,1478,2843,1069
2814,1478,2880,1101
2815,1479,2826,1193
2816,1479,2819,1187
2817,1480,2828,1202
2818,1480,2821,1196
2819,1481,2881,1143
2820,1481,2869,1134
2821,1482,2753,1135
2822,1482,2742,1120
2823,1483,2801,1090
2824,1483,2765,1054
2825,1484,2754,1033
2826,1484,2749,1027
2827,1485,2753,1024
2828,1485,2751,1021
2829,1486,2735,1067
2830,1486,2733,1063
2831,1487,2801,957
2832,1487,2858,971
2833,1488,2896,947
2834,1488,2906,939
2835,1489,2897,940
2836,1489,2898,937
2837,1490,2861,950
2838,1490,2877,932
2839,1491,2822,815
2840,1491,2760,768
2841,1492,2689,762
2842,1492,2679,762
2843,1493,2692,749
2844,1493,2689,753
2845,1494,2718,760
2846,1494,2719,761
2847,1495,2659,768
2848,1495,2691,784
2849,1496,2702,784
2850,1496,2709,785
2851,1497,2695,781
2852,1497,2697,783
2853,1498,2678,784
2854,1498,2681,787
2855,1499,2675,790
2856,1499,2681,784
2857,1500,2684,780
2858,1500,2685,781
2859,1501,2696,775
2860,1501,2699,774
2861,1502,2730,763
2862,1502,2731,762
2863,1503,2735,727
2864,1503,2738,731
2865,1504,2742,729
2866,1504,2745,738
2867,1505,2747,734
2868,1505,2752,739
2869,1506,2764,737
2870,1506,2768,746
2871,1507,2778,780
2872,1507,2782,787
2873,1508,2785,784
2874,1508,2791,793
2875,1509,2788,784
2876,1509,2789,786
2877,1510,2787,780
2878,1510,2787,782
2879,1511,2788,776
2880,1511,2790,778
2881,1512,2788,794
2882,1512,2790,795
2883,1513,2787,782
2884,1513,2790,782
2885,1514,2790,786
2886,1514,2793,786
2887,1515,2792,801
2888,1515,2793,801
2889,1516,2795,787
2890,1516,2798,789
2891,1517,2799,777
2892,1517,2802,776
2893,1518,2800,775
2894,1518,2801,775
2895,1519,2797,777
2896,1519,2799,778
2897,1520,2795,775
2898,1520,2798,775
2899,1521,2813,786
2900,1521,2817,788
2901,1522,2810,783
2902,1522,2812,784
2903,1523,2804,781
2904,1523,2804,781
2905,1524,2802,786
2906,1524,2803,786
2907,1525,2815,785
2908,1525,2815,785
2909,1526,2815,787
2910,1526,2815,786
2911,1527,2823,787
2912,1527,2821,786
2913,1528,2825,790
2914,1528,2821,789
2915,1529,2822,791
2916,1529,2819,786
2917,1530,2818,785
2918,1530,2817,781
2919,1531,2823,776
2920,1531,2821,775
2921,1532,2800,744
2922,1532,2780,716
2923,1533,2772,704
2924,1533,2769,699
2925,1534,2767,701
2926,1534,2765,703
2927,1535,2762,704
2928,1535,2762,698
2929,1536,2768,693
2930,1536,2769,690
2931,1537,2772,684
2932,1537,2774,682
2933,1538,2776,677
2934,1538,2777,674
2935,1539,2776,670
2936,1539,2778,666
2937,1540,2779,660
2938,1540,2781,660
2939,1541,2780,656
2940,1541,2780,657
2941,1542,2786,658
2942,1542,2786,659
2943,1543,2786,659
2944,1543,2786,660
2945,1544,2789,660
2946,1544,2788,660
2947,1545,2788,661
2948,1545,2787,661
2949,1546,2787,659
2950,1546,2786,659
2951,1547,2785,657
2952,1547,2785,656
2953,1548,2784,657
2954,1548,2784,656
2955,1549,2785,656
2956,1549,2785,655
2957,1550,2781,654
2958,1550,2781,653
2959,1551,2782,655
2960,1551,2782,654
2961,1552,2786,699
2962,1552,2791,709
2963,1553,2791,717
2964,1553,2791,721
2965,1554,2785,724
2966,1554,2787,722
2967,1555,2803,746
2968,1555,2813,758
2969,1556,2813,759
2970,1556,2813,762
2971,1557,2805,751
2972,1557,2805,753
2973,1558,2838,761
2974,1558,2840,760
2975,1559,2808,751
2976,1559,2808,751
2977,1560,2805,750
2978,1560,2806,750
2979,1561,2817,754
2980,1561,2818,754
2981,1562,2830,757
2982,1562,2835,758
2983,1563,2793,758
2984,1563,2794,760
2985,1564,2814,761
2986,1564,2816,762
2987,1565,2817,754
2988,1565,2819,755
2989,1566,2795,761
2990,1566,2797,762
2991,1567,2804,764
2992,1567,2795,783
2993,1568,2803,773
2994,1568,2795,791
2995,1569,2802,765
2996,1569,2812,758
2997,1570,2828,756
2998,1570,2813,778
2999,1571,2805,774
3000,1571,2818,764
3001,1572,2857,752
3002,1572,2831,777
3003,1573,2850,756
3004,1573,2832,779
3005,1574,2847,749
3006,1574,2752,741
3007,1575,2667,733
3008,1575,2650,712
3009,1576,2632,717
3010,1576,2627,719
3011,1577,2598,705
3012,1577,2599,702
3013,1578,2586,702
3014,1578,2552,707
3015,1579,2501,719
3016,1579,2476,726
3017,1580,2466,719
3018,1580,2463,720
3019,1581,2440,718
3020,1581,2450,708
3021,1582,2458,701
3022,1582,2461,698
3023,1583,2466,696
3024,1583,2464,698
3025,1584,2452,718
3026,1585,2447,699
3027,1585,2448,696
3028,1586,2446,698
3029,1586,2448,696
3030,1587,2447,696
3031,1587,2450,698
3032,1588,2374,704
3033,1588,2403,705
3034,1589,2545,712
3035,1589,2568,720
3036,1590,2546,721
3037,1590,2549,723
3038,1591,2553,713
3039,1591,2556,710
3040,1592,2572,723
3041,1592,2576,719
3042,1593,2575,712
3043,1593,2576,711
3044,1594,2573,710
3045,1594,2574,710
3046,1595,2586,714
3047,1595,2585,714
3048,1596,2585,717
3049,1596,2584,717
3050,1597,2585,715
3051,1597,2583,715
3052,1598,2582,714
3053,1598,2575,722
3054,1599,2572,724
3055,1599,2570,726
3056,1600,2570,726
3057,1600,2569,726
3058,1601,2572,723
3059,1601,2572,722
